[{"model": "contenttypes.contenttype", "pk": 1, "fields": {"app_label": "auth", "model": "permission"}}, {"model": "contenttypes.contenttype", "pk": 2, "fields": {"app_label": "auth", "model": "group"}}, {"model": "contenttypes.contenttype", "pk": 3, "fields": {"app_label": "contenttypes", "model": "contenttype"}}, {"model": "contenttypes.contenttype", "pk": 4, "fields": {"app_label": "sessions", "model": "session"}}, {"model": "contenttypes.contenttype", "pk": 5, "fields": {"app_label": "sites", "model": "site"}}, {"model": "contenttypes.contenttype", "pk": 6, "fields": {"app_label": "admin", "model": "logentry"}}, {"model": "contenttypes.contenttype", "pk": 7, "fields": {"app_label": "account", "model": "emailaddress"}}, {"model": "contenttypes.contenttype", "pk": 8, "fields": {"app_label": "account", "model": "emailconfirmation"}}, {"model": "contenttypes.contenttype", "pk": 9, "fields": {"app_label": "socialaccount", "model": "socialaccount"}}, {"model": "contenttypes.contenttype", "pk": 10, "fields": {"app_label": "socialaccount", "model": "socialapp"}}, {"model": "contenttypes.contenttype", "pk": 11, "fields": {"app_label": "socialaccount", "model": "socialtoken"}}, {"model": "contenttypes.contenttype", "pk": 12, "fields": {"app_label": "users", "model": "user"}}, {"model": "contenttypes.contenttype", "pk": 13, "fields": {"app_label": "guardian", "model": "groupobjectpermission"}}, {"model": "contenttypes.contenttype", "pk": 14, "fields": {"app_label": "guardian", "model": "userobjectpermission"}}, {"model": "contenttypes.contenttype", "pk": 15, "fields": {"app_label": "tracker", "model": "comment"}}, {"model": "contenttypes.contenttype", "pk": 16, "fields": {"app_label": "tracker", "model": "project"}}, {"model": "contenttypes.contenttype", "pk": 17, "fields": {"app_label": "tracker", "model": "team"}}, {"model": "contenttypes.contenttype", "pk": 18, "fields": {"app_label": "tracker", "model": "ticket"}}, {"model": "contenttypes.contenttype", "pk": 19, "fields": {"app_label": "tracker", "model": "teammanager"}}, {"model": "contenttypes.contenttype", "pk": 20, "fields": {"app_label": "tracker", "model": "teaminvitation"}}, {"model": "sessions.session", "pk": "11j3s9etlb5r2lxe3fcb9z6oqhdapje3", "fields": {"session_data": "ZmY0NGE0ZmMxM2RkNzNhMWM4NGRjODhhMTY2YjEzNzMzYjczODQyYjp7Il9hdXRoX3VzZXJfaWQiOiIxIiwiX2F1dGhfdXNlcl9iYWNrZW5kIjoiZGphbmdvLmNvbnRyaWIuYXV0aC5iYWNrZW5kcy5Nb2RlbEJhY2tlbmQiLCJfYXV0aF91c2VyX2hhc2giOiI4OWFiNTQxZjI5M2JiODI2NmE0NzI3YWI3ZDc4MzI5YTZmODMwM2ZkIiwiX3Nlc3Npb25fZXhwaXJ5IjowfQ==", "expire_date": "2020-08-13T15:04:27.273Z"}}, {"model": "sessions.session", "pk": "1q8lhzdzglaoltzweb3j79vuc6moph3l", "fields": {"session_data": "ZmY0NGE0ZmMxM2RkNzNhMWM4NGRjODhhMTY2YjEzNzMzYjczODQyYjp7Il9hdXRoX3VzZXJfaWQiOiIxIiwiX2F1dGhfdXNlcl9iYWNrZW5kIjoiZGphbmdvLmNvbnRyaWIuYXV0aC5iYWNrZW5kcy5Nb2RlbEJhY2tlbmQiLCJfYXV0aF91c2VyX2hhc2giOiI4OWFiNTQxZjI5M2JiODI2NmE0NzI3YWI3ZDc4MzI5YTZmODMwM2ZkIiwiX3Nlc3Npb25fZXhwaXJ5IjowfQ==", "expire_date": "2020-08-13T01:16:56.812Z"}}, {"model": "sessions.session", "pk": "2gmj050zfg4tu6f619b25aoizhl1k9sc", "fields": {"session_data": "OGJlYzBmMzkyM2E0MmNhMmI0ZDU3NjhiZTY2ZWUxOTJmYjAzMTM0ZTp7Il9hdXRoX3VzZXJfaWQiOiIxIiwiX2F1dGhfdXNlcl9iYWNrZW5kIjoiZGphbmdvLmNvbnRyaWIuYXV0aC5iYWNrZW5kcy5Nb2RlbEJhY2tlbmQiLCJfYXV0aF91c2VyX2hhc2giOiI4OWFiNTQxZjI5M2JiODI2NmE0NzI3YWI3ZDc4MzI5YTZmODMwM2ZkIiwiX3Nlc3Npb25fZXhwaXJ5IjoxMjA5NjAwfQ==", "expire_date": "2020-08-11T18:43:18.006Z"}}, {"model": "sessions.session", "pk": "5kh97mvdeyeuwfawlpv3zd68u01w9m25", "fields": {"session_data": "ZmY0NGE0ZmMxM2RkNzNhMWM4NGRjODhhMTY2YjEzNzMzYjczODQyYjp7Il9hdXRoX3VzZXJfaWQiOiIxIiwiX2F1dGhfdXNlcl9iYWNrZW5kIjoiZGphbmdvLmNvbnRyaWIuYXV0aC5iYWNrZW5kcy5Nb2RlbEJhY2tlbmQiLCJfYXV0aF91c2VyX2hhc2giOiI4OWFiNTQxZjI5M2JiODI2NmE0NzI3YWI3ZDc4MzI5YTZmODMwM2ZkIiwiX3Nlc3Npb25fZXhwaXJ5IjowfQ==", "expire_date": "2020-08-20T19:50:35.930Z"}}, {"model": "sessions.session", "pk": "cwxj396ek3ikq1kguijkij7w778kbmeu", "fields": {"session_data": "MjgyMjQ2OTNlMDFmOTlkYzc0M2M2YjRlODFkY2MwYjQ1Y2NmYjc5YTp7ImFjY291bnRfdmVyaWZpZWRfZW1haWwiOm51bGwsImFjY291bnRfdXNlciI6ImkiLCJfYXV0aF91c2VyX2lkIjoiMTgiLCJfYXV0aF91c2VyX2JhY2tlbmQiOiJkamFuZ28uY29udHJpYi5hdXRoLmJhY2tlbmRzLk1vZGVsQmFja2VuZCIsIl9hdXRoX3VzZXJfaGFzaCI6IjQ1YjJjMzc1MzZhNTQ0MWQ0YjE4YzE5MWU5ZDZiOWM0YzRjMTk4OGUiLCJfc2Vzc2lvbl9leHBpcnkiOjB9", "expire_date": "2020-08-14T17:32:35.437Z"}}, {"model": "sessions.session", "pk": "edvq74aqc3pjaqvq5jj2il6hkl2xamnx", "fields": {"session_data": "ZmY0NGE0ZmMxM2RkNzNhMWM4NGRjODhhMTY2YjEzNzMzYjczODQyYjp7Il9hdXRoX3VzZXJfaWQiOiIxIiwiX2F1dGhfdXNlcl9iYWNrZW5kIjoiZGphbmdvLmNvbnRyaWIuYXV0aC5iYWNrZW5kcy5Nb2RlbEJhY2tlbmQiLCJfYXV0aF91c2VyX2hhc2giOiI4OWFiNTQxZjI5M2JiODI2NmE0NzI3YWI3ZDc4MzI5YTZmODMwM2ZkIiwiX3Nlc3Npb25fZXhwaXJ5IjowfQ==", "expire_date": "2020-08-25T13:11:40.942Z"}}, {"model": "sessions.session", "pk": "ex2a8lcq9eapctgllw0qptlbo1u5b4dj", "fields": {"session_data": "OTM0Y2VjYjczYzMwNmQ1NDZmYmNkMzVkZDAzNmYwMTE2YTdmNjMxNjp7ImFjY291bnRfdmVyaWZpZWRfZW1haWwiOm51bGwsImFjY291bnRfdXNlciI6ImciLCJfYXV0aF91c2VyX2lkIjoiMTYiLCJfYXV0aF91c2VyX2JhY2tlbmQiOiJkamFuZ28uY29udHJpYi5hdXRoLmJhY2tlbmRzLk1vZGVsQmFja2VuZCIsIl9hdXRoX3VzZXJfaGFzaCI6IjdhYmRmNWY3ODUyNjY4ZjQ4OTk1YmRlNmVlY2JkYjE3YWM3NjkzNDEiLCJfc2Vzc2lvbl9leHBpcnkiOjB9", "expire_date": "2020-08-14T17:30:41.643Z"}}, {"model": "sessions.session", "pk": "h626e486mlz41crjylpdjjm80f9v60zu", "fields": {"session_data": "ZmY0NGE0ZmMxM2RkNzNhMWM4NGRjODhhMTY2YjEzNzMzYjczODQyYjp7Il9hdXRoX3VzZXJfaWQiOiIxIiwiX2F1dGhfdXNlcl9iYWNrZW5kIjoiZGphbmdvLmNvbnRyaWIuYXV0aC5iYWNrZW5kcy5Nb2RlbEJhY2tlbmQiLCJfYXV0aF91c2VyX2hhc2giOiI4OWFiNTQxZjI5M2JiODI2NmE0NzI3YWI3ZDc4MzI5YTZmODMwM2ZkIiwiX3Nlc3Npb25fZXhwaXJ5IjowfQ==", "expire_date": "2020-08-29T12:02:29.714Z"}}, {"model": "sessions.session", "pk": "imd7dve5cw9sn3igxg0yu4djm4fohw5o", "fields": {"session_data": "MmZmNDJiODhhODk4NzU1NjcwZDE0ZGRkNjY0MzVlNjM1NGVkNTIwNTp7ImFjY291bnRfdmVyaWZpZWRfZW1haWwiOm51bGwsImFjY291bnRfdXNlciI6IjEzIiwiX2F1dGhfdXNlcl9pZCI6IjM5IiwiX2F1dGhfdXNlcl9iYWNrZW5kIjoiZGphbmdvLmNvbnRyaWIuYXV0aC5iYWNrZW5kcy5Nb2RlbEJhY2tlbmQiLCJfYXV0aF91c2VyX2hhc2giOiIwMTA3NmFkYTc1MTdmNzc3YzE3ZmFkZDk0M2I3ZjA5MjQwYmQzMzg1IiwiX3Nlc3Npb25fZXhwaXJ5IjowfQ==", "expire_date": "2020-08-27T15:55:03.472Z"}}, {"model": "sessions.session", "pk": "izne9n2eog7bz9od4z9k4fbktuaoz6q9", "fields": {"session_data": "ZmY0NGE0ZmMxM2RkNzNhMWM4NGRjODhhMTY2YjEzNzMzYjczODQyYjp7Il9hdXRoX3VzZXJfaWQiOiIxIiwiX2F1dGhfdXNlcl9iYWNrZW5kIjoiZGphbmdvLmNvbnRyaWIuYXV0aC5iYWNrZW5kcy5Nb2RlbEJhY2tlbmQiLCJfYXV0aF91c2VyX2hhc2giOiI4OWFiNTQxZjI5M2JiODI2NmE0NzI3YWI3ZDc4MzI5YTZmODMwM2ZkIiwiX3Nlc3Npb25fZXhwaXJ5IjowfQ==", "expire_date": "2020-08-24T22:14:48.964Z"}}, {"model": "sessions.session", "pk": "jrrit1u4hfpjpaz5e2jx6e3hasxbakm7", "fields": {"session_data": "MWJiZmU1MDVlYmZhZDIxZTAwMDAyYjUzYzUxMjY2NmQwNDA5NmY2NTp7ImFjY291bnRfdmVyaWZpZWRfZW1haWwiOm51bGwsImFjY291bnRfdXNlciI6IjEyIiwiX2F1dGhfdXNlcl9pZCI6IjM4IiwiX2F1dGhfdXNlcl9iYWNrZW5kIjoiZGphbmdvLmNvbnRyaWIuYXV0aC5iYWNrZW5kcy5Nb2RlbEJhY2tlbmQiLCJfYXV0aF91c2VyX2hhc2giOiJjMzNhNDM1NGYwZTQ4OWRhZTcyYzU0OWIxMDQ1MzNlYTlhYzIxMWE5IiwiX3Nlc3Npb25fZXhwaXJ5IjowfQ==", "expire_date": "2020-08-26T19:04:54.102Z"}}, {"model": "sessions.session", "pk": "na9cxvvcipimvhwp3b5a56v54lgnfk1y", "fields": {"session_data": "ZDliOTY5N2Y5YTg0YjFkNjhmY2M1ZDQ3MjhlMjhlOGRhOWM0MDExODp7ImFjY291bnRfdmVyaWZpZWRfZW1haWwiOm51bGwsImFjY291bnRfdXNlciI6IjE3In0=", "expire_date": "2020-08-27T16:36:10.464Z"}}, {"model": "sessions.session", "pk": "o62jsmo5fkeg5fqxa4reghkhi7mvbk46", "fields": {"session_data": "ODM5ZmM0NDBlOTczOTQ0NGM0MDM3NTAxMGM5ZDZiMzgyMjlkMTk4OTp7ImFjY291bnRfdmVyaWZpZWRfZW1haWwiOm51bGwsImFjY291bnRfdXNlciI6ImgifQ==", "expire_date": "2020-08-14T17:31:27.797Z"}}, {"model": "sessions.session", "pk": "sp3wdewqfrsmm98vgbl87t6qutpq23np", "fields": {"session_data": "OGRmZjE0MWZkODIzZjQzYjYzM2QyZmMwN2Y5N2ZlNDAwNThiNjQxODp7Il9hdXRoX3VzZXJfaWQiOiI1IiwiX2F1dGhfdXNlcl9iYWNrZW5kIjoiZGphbmdvLmNvbnRyaWIuYXV0aC5iYWNrZW5kcy5Nb2RlbEJhY2tlbmQiLCJfYXV0aF91c2VyX2hhc2giOiJiODMzNTc3NzJmOGFhMWJlMzlmMTVjZGUzYjViN2Q4NjRkNzg4Nzc3IiwiX3Nlc3Npb25fZXhwaXJ5IjowfQ==", "expire_date": "2020-08-27T19:15:19.763Z"}}, {"model": "sessions.session", "pk": "spbm9wgv4vi5bxszxjic3mvt7v84s5pj", "fields": {"session_data": "ZmY0NGE0ZmMxM2RkNzNhMWM4NGRjODhhMTY2YjEzNzMzYjczODQyYjp7Il9hdXRoX3VzZXJfaWQiOiIxIiwiX2F1dGhfdXNlcl9iYWNrZW5kIjoiZGphbmdvLmNvbnRyaWIuYXV0aC5iYWNrZW5kcy5Nb2RlbEJhY2tlbmQiLCJfYXV0aF91c2VyX2hhc2giOiI4OWFiNTQxZjI5M2JiODI2NmE0NzI3YWI3ZDc4MzI5YTZmODMwM2ZkIiwiX3Nlc3Npb25fZXhwaXJ5IjowfQ==", "expire_date": "2020-08-26T15:41:39.573Z"}}, {"model": "sessions.session", "pk": "tgm4dtdkmgs8cpvqaem8pd77f3fa3y0n", "fields": {"session_data": "NGM3OTMwOThmZTgxYjM4ZWNjNDM4OTQ1NGYxYWEwYmE0Y2NmYjM2MDp7ImFjY291bnRfdmVyaWZpZWRfZW1haWwiOm51bGwsImFjY291bnRfdXNlciI6Im0iLCJfYXV0aF91c2VyX2lkIjoiMjIiLCJfYXV0aF91c2VyX2JhY2tlbmQiOiJkamFuZ28uY29udHJpYi5hdXRoLmJhY2tlbmRzLk1vZGVsQmFja2VuZCIsIl9hdXRoX3VzZXJfaGFzaCI6ImE5NTQ3OWEwYWMwMmMzNGVkNDc5NzhhZWM3NjA5ZDYxMTI5N2JjNTkiLCJfc2Vzc2lvbl9leHBpcnkiOjB9", "expire_date": "2020-08-14T17:45:02.649Z"}}, {"model": "sessions.session", "pk": "wsfsi7ui8w9gvr0n52kliww9f6gkhe7p", "fields": {"session_data": "ZmY0NGE0ZmMxM2RkNzNhMWM4NGRjODhhMTY2YjEzNzMzYjczODQyYjp7Il9hdXRoX3VzZXJfaWQiOiIxIiwiX2F1dGhfdXNlcl9iYWNrZW5kIjoiZGphbmdvLmNvbnRyaWIuYXV0aC5iYWNrZW5kcy5Nb2RlbEJhY2tlbmQiLCJfYXV0aF91c2VyX2hhc2giOiI4OWFiNTQxZjI5M2JiODI2NmE0NzI3YWI3ZDc4MzI5YTZmODMwM2ZkIiwiX3Nlc3Npb25fZXhwaXJ5IjowfQ==", "expire_date": "2020-08-14T19:50:13.833Z"}}, {"model": "sessions.session", "pk": "x3ndosvcaryimfxv8grcjc8taceo5i3n", "fields": {"session_data": "ZmY0NGE0ZmMxM2RkNzNhMWM4NGRjODhhMTY2YjEzNzMzYjczODQyYjp7Il9hdXRoX3VzZXJfaWQiOiIxIiwiX2F1dGhfdXNlcl9iYWNrZW5kIjoiZGphbmdvLmNvbnRyaWIuYXV0aC5iYWNrZW5kcy5Nb2RlbEJhY2tlbmQiLCJfYXV0aF91c2VyX2hhc2giOiI4OWFiNTQxZjI5M2JiODI2NmE0NzI3YWI3ZDc4MzI5YTZmODMwM2ZkIiwiX3Nlc3Npb25fZXhwaXJ5IjowfQ==", "expire_date": "2020-08-31T14:42:49.041Z"}}, {"model": "sessions.session", "pk": "xhry2gc1mvqqmx6tgt2bq4q1xf0pzs3d", "fields": {"session_data": "NzYwNmQ1MDkxMDYyNmU2ZDE5OGNmYmM5OTkwMmMwZjI3MDU4ZjNkOTp7Il9zZXNzaW9uX2V4cGlyeSI6MTIwOTYwMCwiX2F1dGhfdXNlcl9pZCI6IjEiLCJfYXV0aF91c2VyX2JhY2tlbmQiOiJkamFuZ28uY29udHJpYi5hdXRoLmJhY2tlbmRzLk1vZGVsQmFja2VuZCIsIl9hdXRoX3VzZXJfaGFzaCI6Ijg5YWI1NDFmMjkzYmI4MjY2YTQ3MjdhYjdkNzgzMjlhNmY4MzAzZmQifQ==", "expire_date": "2020-08-11T18:35:41.631Z"}}, {"model": "sessions.session", "pk": "yiagn25681c0ebiyvahh6c3aixke4rq1", "fields": {"session_data": "ZWNiMzlhYzdkNmNkM2UxYjBmNWMyZmYzMzJmYzY4OWFlYWMzYjI4Zjp7ImFjY291bnRfdmVyaWZpZWRfZW1haWwiOm51bGwsImFjY291bnRfdXNlciI6ImwifQ==", "expire_date": "2020-08-14T17:43:59.575Z"}}, {"model": "sessions.session", "pk": "z4yyux4zwctobwdk72mhtmu3931rzllm", "fields": {"session_data": "ZmY0NGE0ZmMxM2RkNzNhMWM4NGRjODhhMTY2YjEzNzMzYjczODQyYjp7Il9hdXRoX3VzZXJfaWQiOiIxIiwiX2F1dGhfdXNlcl9iYWNrZW5kIjoiZGphbmdvLmNvbnRyaWIuYXV0aC5iYWNrZW5kcy5Nb2RlbEJhY2tlbmQiLCJfYXV0aF91c2VyX2hhc2giOiI4OWFiNTQxZjI5M2JiODI2NmE0NzI3YWI3ZDc4MzI5YTZmODMwM2ZkIiwiX3Nlc3Npb25fZXhwaXJ5IjowfQ==", "expire_date": "2020-08-27T19:09:35.568Z"}}, {"model": "sessions.session", "pk": "zgbdol3xh71u3djzx5sb2rp17jd8hn8f", "fields": {"session_data": "ZmY0NGE0ZmMxM2RkNzNhMWM4NGRjODhhMTY2YjEzNzMzYjczODQyYjp7Il9hdXRoX3VzZXJfaWQiOiIxIiwiX2F1dGhfdXNlcl9iYWNrZW5kIjoiZGphbmdvLmNvbnRyaWIuYXV0aC5iYWNrZW5kcy5Nb2RlbEJhY2tlbmQiLCJfYXV0aF91c2VyX2hhc2giOiI4OWFiNTQxZjI5M2JiODI2NmE0NzI3YWI3ZDc4MzI5YTZmODMwM2ZkIiwiX3Nlc3Npb25fZXhwaXJ5IjowfQ==", "expire_date": "2020-08-28T14:01:38.413Z"}}, {"model": "sessions.session", "pk": "zrrpg6l79epntyouum13opwvudml8d3a", "fields": {"session_data": "ZmY0NGE0ZmMxM2RkNzNhMWM4NGRjODhhMTY2YjEzNzMzYjczODQyYjp7Il9hdXRoX3VzZXJfaWQiOiIxIiwiX2F1dGhfdXNlcl9iYWNrZW5kIjoiZGphbmdvLmNvbnRyaWIuYXV0aC5iYWNrZW5kcy5Nb2RlbEJhY2tlbmQiLCJfYXV0aF91c2VyX2hhc2giOiI4OWFiNTQxZjI5M2JiODI2NmE0NzI3YWI3ZDc4MzI5YTZmODMwM2ZkIiwiX3Nlc3Npb25fZXhwaXJ5IjowfQ==", "expire_date": "2020-08-21T14:56:28.518Z"}}, {"model": "sessions.session", "pk": "zztjrfqcez4dj2qdp35s3fcg65axknyg", "fields": {"session_data": "ZmY0NGE0ZmMxM2RkNzNhMWM4NGRjODhhMTY2YjEzNzMzYjczODQyYjp7Il9hdXRoX3VzZXJfaWQiOiIxIiwiX2F1dGhfdXNlcl9iYWNrZW5kIjoiZGphbmdvLmNvbnRyaWIuYXV0aC5iYWNrZW5kcy5Nb2RlbEJhY2tlbmQiLCJfYXV0aF91c2VyX2hhc2giOiI4OWFiNTQxZjI5M2JiODI2NmE0NzI3YWI3ZDc4MzI5YTZmODMwM2ZkIiwiX3Nlc3Npb25fZXhwaXJ5IjowfQ==", "expire_date": "2020-08-17T18:59:23.252Z"}}, {"model": "sites.site", "pk": 1, "fields": {"domain": "monksbugtracker.com", "name": "Bug Tracker v2"}}, {"model": "auth.permission", "pk": 1, "fields": {"name": "Can add permission", "content_type": 1, "codename": "add_permission"}}, {"model": "auth.permission", "pk": 2, "fields": {"name": "Can change permission", "content_type": 1, "codename": "change_permission"}}, {"model": "auth.permission", "pk": 3, "fields": {"name": "Can delete permission", "content_type": 1, "codename": "delete_permission"}}, {"model": "auth.permission", "pk": 4, "fields": {"name": "Can view permission", "content_type": 1, "codename": "view_permission"}}, {"model": "auth.permission", "pk": 5, "fields": {"name": "Can add group", "content_type": 2, "codename": "add_group"}}, {"model": "auth.permission", "pk": 6, "fields": {"name": "Can change group", "content_type": 2, "codename": "change_group"}}, {"model": "auth.permission", "pk": 7, "fields": {"name": "Can delete group", "content_type": 2, "codename": "delete_group"}}, {"model": "auth.permission", "pk": 8, "fields": {"name": "Can view group", "content_type": 2, "codename": "view_group"}}, {"model": "auth.permission", "pk": 9, "fields": {"name": "Can add content type", "content_type": 3, "codename": "add_contenttype"}}, {"model": "auth.permission", "pk": 10, "fields": {"name": "Can change content type", "content_type": 3, "codename": "change_contenttype"}}, {"model": "auth.permission", "pk": 11, "fields": {"name": "Can delete content type", "content_type": 3, "codename": "delete_contenttype"}}, {"model": "auth.permission", "pk": 12, "fields": {"name": "Can view content type", "content_type": 3, "codename": "view_contenttype"}}, {"model": "auth.permission", "pk": 13, "fields": {"name": "Can add session", "content_type": 4, "codename": "add_session"}}, {"model": "auth.permission", "pk": 14, "fields": {"name": "Can change session", "content_type": 4, "codename": "change_session"}}, {"model": "auth.permission", "pk": 15, "fields": {"name": "Can delete session", "content_type": 4, "codename": "delete_session"}}, {"model": "auth.permission", "pk": 16, "fields": {"name": "Can view session", "content_type": 4, "codename": "view_session"}}, {"model": "auth.permission", "pk": 17, "fields": {"name": "Can add site", "content_type": 5, "codename": "add_site"}}, {"model": "auth.permission", "pk": 18, "fields": {"name": "Can change site", "content_type": 5, "codename": "change_site"}}, {"model": "auth.permission", "pk": 19, "fields": {"name": "Can delete site", "content_type": 5, "codename": "delete_site"}}, {"model": "auth.permission", "pk": 20, "fields": {"name": "Can view site", "content_type": 5, "codename": "view_site"}}, {"model": "auth.permission", "pk": 21, "fields": {"name": "Can add log entry", "content_type": 6, "codename": "add_logentry"}}, {"model": "auth.permission", "pk": 22, "fields": {"name": "Can change log entry", "content_type": 6, "codename": "change_logentry"}}, {"model": "auth.permission", "pk": 23, "fields": {"name": "Can delete log entry", "content_type": 6, "codename": "delete_logentry"}}, {"model": "auth.permission", "pk": 24, "fields": {"name": "Can view log entry", "content_type": 6, "codename": "view_logentry"}}, {"model": "auth.permission", "pk": 25, "fields": {"name": "Can add email address", "content_type": 7, "codename": "add_emailaddress"}}, {"model": "auth.permission", "pk": 26, "fields": {"name": "Can change email address", "content_type": 7, "codename": "change_emailaddress"}}, {"model": "auth.permission", "pk": 27, "fields": {"name": "Can delete email address", "content_type": 7, "codename": "delete_emailaddress"}}, {"model": "auth.permission", "pk": 28, "fields": {"name": "Can view email address", "content_type": 7, "codename": "view_emailaddress"}}, {"model": "auth.permission", "pk": 29, "fields": {"name": "Can add email confirmation", "content_type": 8, "codename": "add_emailconfirmation"}}, {"model": "auth.permission", "pk": 30, "fields": {"name": "Can change email confirmation", "content_type": 8, "codename": "change_emailconfirmation"}}, {"model": "auth.permission", "pk": 31, "fields": {"name": "Can delete email confirmation", "content_type": 8, "codename": "delete_emailconfirmation"}}, {"model": "auth.permission", "pk": 32, "fields": {"name": "Can view email confirmation", "content_type": 8, "codename": "view_emailconfirmation"}}, {"model": "auth.permission", "pk": 33, "fields": {"name": "Can add social account", "content_type": 9, "codename": "add_socialaccount"}}, {"model": "auth.permission", "pk": 34, "fields": {"name": "Can change social account", "content_type": 9, "codename": "change_socialaccount"}}, {"model": "auth.permission", "pk": 35, "fields": {"name": "Can delete social account", "content_type": 9, "codename": "delete_socialaccount"}}, {"model": "auth.permission", "pk": 36, "fields": {"name": "Can view social account", "content_type": 9, "codename": "view_socialaccount"}}, {"model": "auth.permission", "pk": 37, "fields": {"name": "Can add social application", "content_type": 10, "codename": "add_socialapp"}}, {"model": "auth.permission", "pk": 38, "fields": {"name": "Can change social application", "content_type": 10, "codename": "change_socialapp"}}, {"model": "auth.permission", "pk": 39, "fields": {"name": "Can delete social application", "content_type": 10, "codename": "delete_socialapp"}}, {"model": "auth.permission", "pk": 40, "fields": {"name": "Can view social application", "content_type": 10, "codename": "view_socialapp"}}, {"model": "auth.permission", "pk": 41, "fields": {"name": "Can add social application token", "content_type": 11, "codename": "add_socialtoken"}}, {"model": "auth.permission", "pk": 42, "fields": {"name": "Can change social application token", "content_type": 11, "codename": "change_socialtoken"}}, {"model": "auth.permission", "pk": 43, "fields": {"name": "Can delete social application token", "content_type": 11, "codename": "delete_socialtoken"}}, {"model": "auth.permission", "pk": 44, "fields": {"name": "Can view social application token", "content_type": 11, "codename": "view_socialtoken"}}, {"model": "auth.permission", "pk": 45, "fields": {"name": "Can add user", "content_type": 12, "codename": "add_user"}}, {"model": "auth.permission", "pk": 46, "fields": {"name": "Can change user", "content_type": 12, "codename": "change_user"}}, {"model": "auth.permission", "pk": 47, "fields": {"name": "Can delete user", "content_type": 12, "codename": "delete_user"}}, {"model": "auth.permission", "pk": 48, "fields": {"name": "Can view user", "content_type": 12, "codename": "view_user"}}, {"model": "auth.permission", "pk": 49, "fields": {"name": "Can add group object permission", "content_type": 13, "codename": "add_groupobjectpermission"}}, {"model": "auth.permission", "pk": 50, "fields": {"name": "Can change group object permission", "content_type": 13, "codename": "change_groupobjectpermission"}}, {"model": "auth.permission", "pk": 51, "fields": {"name": "Can delete group object permission", "content_type": 13, "codename": "delete_groupobjectpermission"}}, {"model": "auth.permission", "pk": 52, "fields": {"name": "Can view group object permission", "content_type": 13, "codename": "view_groupobjectpermission"}}, {"model": "auth.permission", "pk": 53, "fields": {"name": "Can add user object permission", "content_type": 14, "codename": "add_userobjectpermission"}}, {"model": "auth.permission", "pk": 54, "fields": {"name": "Can change user object permission", "content_type": 14, "codename": "change_userobjectpermission"}}, {"model": "auth.permission", "pk": 55, "fields": {"name": "Can delete user object permission", "content_type": 14, "codename": "delete_userobjectpermission"}}, {"model": "auth.permission", "pk": 56, "fields": {"name": "Can view user object permission", "content_type": 14, "codename": "view_userobjectpermission"}}, {"model": "auth.permission", "pk": 57, "fields": {"name": "Can add comment", "content_type": 15, "codename": "add_comment"}}, {"model": "auth.permission", "pk": 58, "fields": {"name": "Can change comment", "content_type": 15, "codename": "change_comment"}}, {"model": "auth.permission", "pk": 59, "fields": {"name": "Can delete comment", "content_type": 15, "codename": "delete_comment"}}, {"model": "auth.permission", "pk": 60, "fields": {"name": "Can view comment", "content_type": 15, "codename": "view_comment"}}, {"model": "auth.permission", "pk": 61, "fields": {"name": "Can add project", "content_type": 16, "codename": "add_project"}}, {"model": "auth.permission", "pk": 62, "fields": {"name": "Can change project", "content_type": 16, "codename": "change_project"}}, {"model": "auth.permission", "pk": 63, "fields": {"name": "Can delete project", "content_type": 16, "codename": "delete_project"}}, {"model": "auth.permission", "pk": 64, "fields": {"name": "Can view project", "content_type": 16, "codename": "view_project"}}, {"model": "auth.permission", "pk": 65, "fields": {"name": "Can add team", "content_type": 17, "codename": "add_team"}}, {"model": "auth.permission", "pk": 66, "fields": {"name": "Can change team", "content_type": 17, "codename": "change_team"}}, {"model": "auth.permission", "pk": 67, "fields": {"name": "Can delete team", "content_type": 17, "codename": "delete_team"}}, {"model": "auth.permission", "pk": 68, "fields": {"name": "Can view team", "content_type": 17, "codename": "view_team"}}, {"model": "auth.permission", "pk": 69, "fields": {"name": "Can add ticket", "content_type": 18, "codename": "add_ticket"}}, {"model": "auth.permission", "pk": 70, "fields": {"name": "Can change ticket", "content_type": 18, "codename": "change_ticket"}}, {"model": "auth.permission", "pk": 71, "fields": {"name": "Can delete ticket", "content_type": 18, "codename": "delete_ticket"}}, {"model": "auth.permission", "pk": 72, "fields": {"name": "Can view ticket", "content_type": 18, "codename": "view_ticket"}}, {"model": "auth.permission", "pk": 73, "fields": {"name": "Can add team manager", "content_type": 19, "codename": "add_teammanager"}}, {"model": "auth.permission", "pk": 74, "fields": {"name": "Can change team manager", "content_type": 19, "codename": "change_teammanager"}}, {"model": "auth.permission", "pk": 75, "fields": {"name": "Can delete team manager", "content_type": 19, "codename": "delete_teammanager"}}, {"model": "auth.permission", "pk": 76, "fields": {"name": "Can view team manager", "content_type": 19, "codename": "view_teammanager"}}, {"model": "auth.permission", "pk": 77, "fields": {"name": "Can add team invitation", "content_type": 20, "codename": "add_teaminvitation"}}, {"model": "auth.permission", "pk": 78, "fields": {"name": "Can change team invitation", "content_type": 20, "codename": "change_teaminvitation"}}, {"model": "auth.permission", "pk": 79, "fields": {"name": "Can delete team invitation", "content_type": 20, "codename": "delete_teaminvitation"}}, {"model": "auth.permission", "pk": 80, "fields": {"name": "Can view team invitation", "content_type": 20, "codename": "view_teaminvitation"}}, {"model": "users.user", "pk": 1, "fields": {"password": "argon2$argon2i$v=19$m=512,t=2,p=2$NWxWYnVnSmxwOFpL$jy/IubtZOtObiWrgCQGvug", "last_login": "2020-08-17T14:42:49.038Z", "is_superuser": true, "first_name": "", "last_name": "", "email": "thurman.justin@gmail.com", "is_staff": true, "is_active": true, "date_joined": "2020-07-28T18:34:30.191Z", "name": "JustinADMIN", "is_manager": false, "last_viewed_project_pk": 6, "username": "thurmanj", "groups": [], "user_permissions": []}}, {"model": "users.user", "pk": 2, "fields": {"password": "argon2$argon2i$v=19$m=512,t=2,p=2$ODA3cDA5blJScWNl$cYL5rziNWI9pR/lrB3Isrw", "last_login": "2020-08-12T15:38:50.341Z", "is_superuser": false, "first_name": "", "last_name": "", "email": "thurman.justin+developer@gmail.com", "is_staff": false, "is_active": true, "date_joined": "2020-07-28T18:43:49Z", "name": "First Developer", "is_manager": false, "last_viewed_project_pk": 12, "username": "developer", "groups": [], "user_permissions": []}}, {"model": "users.user", "pk": 3, "fields": {"password": "argon2$argon2i$v=19$m=512,t=2,p=2$TXN3VktLZVphMGNE$MGZR6n8dlldO6W4L3HjErg", "last_login": "2020-08-03T18:20:49.310Z", "is_superuser": false, "first_name": "", "last_name": "", "email": "thurman.justin+manager@gmail.com", "is_staff": false, "is_active": true, "date_joined": "2020-07-28T18:43:56Z", "name": "First Manager", "is_manager": true, "last_viewed_project_pk": null, "username": "manager", "groups": [], "user_permissions": []}}, {"model": "users.user", "pk": 4, "fields": {"password": "!TAwfrZa6l7r7njx4DWrRd2u0aN5C9O0veRfimgAd", "last_login": null, "is_superuser": false, "first_name": "", "last_name": "", "email": "", "is_staff": false, "is_active": true, "date_joined": "2020-07-28T19:09:43.248Z", "name": "", "is_manager": false, "last_viewed_project_pk": null, "username": "AnonymousUser", "groups": [], "user_permissions": []}}, {"model": "users.user", "pk": 5, "fields": {"password": "argon2$argon2i$v=19$m=512,t=2,p=2$SGhIRm1YbDdqc01r$qQMgkx4/m9vbEp0rRd1QCg", "last_login": "2020-08-13T19:15:19.761Z", "is_superuser": false, "first_name": "", "last_name": "", "email": "thurman.justin+noteams@gmail.com", "is_staff": false, "is_active": true, "date_joined": "2020-07-31T16:34:31.046Z", "name": "NoTeams", "is_manager": false, "last_viewed_project_pk": null, "username": "NoTeams", "groups": [], "user_permissions": []}}, {"model": "tracker.team", "pk": 1, "fields": {"title": "MonksSoloDev", "description": "My solo dev team, primarily for building this site. Fully slugified.", "owner": 1, "slug": "monkssolodev", "managers": [3, 1], "members": [3, 5, 2, 1]}}, {"model": "tracker.team", "pk": 2, "fields": {"title": "Second Team", "description": "This is the second team.", "owner": 1, "slug": "second-team", "managers": [2, 1], "members": [2, 1]}}, {"model": "tracker.team", "pk": 3, "fields": {"title": "Developer's Team", "description": "Team created by developer.", "owner": 2, "slug": "developers-team", "managers": [], "members": [2, 1]}}, {"model": "tracker.team", "pk": 5, "fields": {"title": "Third Team", "description": "This is the third team.", "owner": 1, "slug": "third-team", "managers": [], "members": [1]}}, {"model": "tracker.team", "pk": 7, "fields": {"title": "New Team with Slug", "description": "test", "owner": 1, "slug": "new-team-with-slug", "managers": [], "members": [3, 2, 1]}}, {"model": "tracker.team", "pk": 8, "fields": {"title": "Creating New Slugified Team adsf", "description": "test", "owner": 1, "slug": "creating-new-slugified-team", "managers": [], "members": [1]}}, {"model": "tracker.team", "pk": 10, "fields": {"title": "developers team new title", "description": "slugify updated", "owner": 1, "slug": "developers-team-w9gf", "managers": [2], "members": [2, 1]}}, {"model": "tracker.team", "pk": 11, "fields": {"title": "Random Team", "description": "test", "owner": 1, "slug": "random-team", "managers": [3, 1], "members": [3, 2, 1]}}, {"model": "tracker.team", "pk": 12, "fields": {"title": "Manager's Team", "description": "Manager's team.", "owner": 3, "slug": "managers-team", "managers": [], "members": []}}, {"model": "tracker.teaminvitation", "pk": "19fe7e3e-93fa-42e0-92c9-4da586e0486f", "fields": {"team": 1, "invitee": null, "invitee_email": "asdfasdf@valid.com", "is_accepted": false, "created_on": "2020-08-13"}}, {"model": "tracker.teaminvitation", "pk": "227e0c98-9762-4cdb-baa5-22ed4b7a2585", "fields": {"team": 1, "invitee": null, "invitee_email": "", "is_accepted": false, "created_on": "2020-08-13"}}, {"model": "tracker.teaminvitation", "pk": "25e8d1b4-c65f-4b8e-ba06-a9df0dc9c72a", "fields": {"team": 1, "invitee": null, "invitee_email": "asddsa@email.com", "is_accepted": false, "created_on": "2020-08-13"}}, {"model": "tracker.teaminvitation", "pk": "49f7abe6-795a-4da9-b8f0-f4968e66153c", "fields": {"team": 1, "invitee": null, "invitee_email": "", "is_accepted": false, "created_on": "2020-08-13"}}, {"model": "tracker.teaminvitation", "pk": "78c57d86-a324-445f-9258-e1651be6a9df", "fields": {"team": 1, "invitee": null, "invitee_email": "random@email.com", "is_accepted": false, "created_on": "2020-08-13"}}, {"model": "tracker.teaminvitation", "pk": "cf142c12-ac89-4be5-b949-56aa7a291a2a", "fields": {"team": 1, "invitee": null, "invitee_email": "thurman.justin+noteams@gmail.com", "is_accepted": true, "created_on": "2020-08-13"}}, {"model": "tracker.teaminvitation", "pk": "d360fc7c-01c7-4e9f-8d89-d8db371f1e76", "fields": {"team": 1, "invitee": null, "invitee_email": "thurman.justin+developer@gmail.com", "is_accepted": false, "created_on": "2020-08-13"}}, {"model": "tracker.teaminvitation", "pk": "fb643c6d-951b-4122-a581-e3991f62b229", "fields": {"team": 1, "invitee": null, "invitee_email": "asdfasdf@email.com", "is_accepted": false, "created_on": "2020-08-13"}}, {"model": "tracker.project", "pk": 3, "fields": {"title": "Added from admin", "description": "Project added from admin", "created_on": "2020-07-28T19:26:40.680Z", "manager": 1, "is_archived": true, "team": 1, "developers": [1]}}, {"model": "tracker.project", "pk": 5, "fields": {"title": "Creating new project in v2", "description": "Created this project in v2, from the site\r\n\r\n# Let's test markdown while we're here\r\n```python\r\ndef test(input):\r\n\tpass\r\n```", "created_on": "2020-07-28T19:38:05.938Z", "manager": 1, "is_archived": true, "team": 1, "developers": [1]}}, {"model": "tracker.project", "pk": 6, "fields": {"title": "Bug Tracker", "description": "This site, version 2.", "created_on": "2020-07-28T20:30:26.825Z", "manager": 1, "is_archived": false, "team": 1, "developers": [1]}}, {"model": "tracker.project", "pk": 7, "fields": {"title": "manager YES, developer NO", "description": "test", "created_on": "2020-07-29T20:28:29.347Z", "manager": 3, "is_archived": false, "team": 1, "developers": [1]}}, {"model": "tracker.project", "pk": 8, "fields": {"title": "manager YES, developer YES", "description": "test", "created_on": "2020-07-29T20:28:47.974Z", "manager": 3, "is_archived": false, "team": 1, "developers": [2, 1]}}, {"model": "tracker.project", "pk": 9, "fields": {"title": "manager NO, developer YES", "description": "test", "created_on": "2020-07-29T20:29:08.002Z", "manager": 1, "is_archived": false, "team": 1, "developers": [2]}}, {"model": "tracker.project", "pk": 10, "fields": {"title": "manager NO, developer NO", "description": "test", "created_on": "2020-07-29T20:29:25.923Z", "manager": 1, "is_archived": false, "team": 1, "developers": [1]}}, {"model": "tracker.project", "pk": 11, "fields": {"title": "Team 2 Project", "description": "First project in team 2.", "created_on": "2020-07-30T00:12:58.085Z", "manager": 1, "is_archived": false, "team": 2, "developers": [3, 2, 1]}}, {"model": "tracker.project", "pk": 12, "fields": {"title": "Developer's Project", "description": "Developer created this project in his team.", "created_on": "2020-07-30T01:13:08.279Z", "manager": 2, "is_archived": false, "team": 3, "developers": [2]}}, {"model": "tracker.project", "pk": 13, "fields": {"title": "new project with slug", "description": "test", "created_on": "2020-07-30T23:39:08.142Z", "manager": 1, "is_archived": true, "team": 1, "developers": [1]}}, {"model": "tracker.project", "pk": 14, "fields": {"title": "New project on slug team", "description": "test", "created_on": "2020-07-30T23:40:03.844Z", "manager": 2, "is_archived": false, "team": 7, "developers": [3]}}, {"model": "tracker.project", "pk": 15, "fields": {"title": "Slugified teams project", "description": "asdf", "created_on": "2020-07-31T15:31:12.880Z", "manager": 1, "is_archived": true, "team": 1, "developers": []}}, {"model": "tracker.project", "pk": 16, "fields": {"title": "Slugified Teams", "description": "test", "created_on": "2020-07-31T15:33:10.614Z", "manager": 1, "is_archived": true, "team": 1, "developers": []}}, {"model": "tracker.project", "pk": 17, "fields": {"title": "New Project", "description": "test", "created_on": "2020-07-31T15:34:18.181Z", "manager": 2, "is_archived": true, "team": 8, "developers": []}}, {"model": "tracker.project", "pk": 18, "fields": {"title": "admin created manager updated", "description": "a", "created_on": "2020-08-03T17:12:03.365Z", "manager": 3, "is_archived": false, "team": 11, "developers": []}}, {"model": "tracker.project", "pk": 19, "fields": {"title": "manager created", "description": "t", "created_on": "2020-08-03T17:22:11.497Z", "manager": 1, "is_archived": false, "team": 11, "developers": [2]}}, {"model": "tracker.project", "pk": 20, "fields": {"title": "manager created", "description": "test", "created_on": "2020-08-03T17:23:27.122Z", "manager": 3, "is_archived": false, "team": 11, "developers": []}}, {"model": "tracker.project", "pk": 21, "fields": {"title": "manager created project on manager team", "description": "test", "created_on": "2020-08-03T17:28:06.943Z", "manager": 1, "is_archived": false, "team": 12, "developers": []}}, {"model": "tracker.project", "pk": 22, "fields": {"title": "manager created manager is manager", "description": "test", "created_on": "2020-08-03T17:32:21.314Z", "manager": 3, "is_archived": false, "team": 12, "developers": []}}, {"model": "tracker.project", "pk": 23, "fields": {"title": "manager created manager is not manager", "description": "test", "created_on": "2020-08-03T17:32:36.318Z", "manager": 1, "is_archived": false, "team": 12, "developers": []}}, {"model": "tracker.project", "pk": 24, "fields": {"title": "developer can create on his own team", "description": "test", "created_on": "2020-08-03T17:35:33.015Z", "manager": 2, "is_archived": true, "team": 3, "developers": []}}, {"model": "tracker.project", "pk": 25, "fields": {"title": "can see projects he's manager of?", "description": "test", "created_on": "2020-08-03T17:36:20.320Z", "manager": 2, "is_archived": false, "team": 3, "developers": []}}, {"model": "tracker.project", "pk": 26, "fields": {"title": "Testing new project creation: base form", "description": "test", "created_on": "2020-08-03T19:05:33.703Z", "manager": 3, "is_archived": false, "team": 11, "developers": []}}, {"model": "tracker.project", "pk": 27, "fields": {"title": "New Projct", "description": "test", "created_on": "2020-08-06T20:36:12.705Z", "manager": null, "is_archived": false, "team": 5, "developers": []}}, {"model": "tracker.project", "pk": 28, "fields": {"title": "Test", "description": "test", "created_on": "2020-08-11T14:34:44.223Z", "manager": null, "is_archived": false, "team": 10, "developers": [1]}}, {"model": "tracker.project", "pk": 29, "fields": {"title": "New Project After New Developer Assignment", "description": "asddf", "created_on": "2020-08-11T18:44:00.781Z", "manager": 1, "is_archived": true, "team": 1, "developers": [1]}}, {"model": "tracker.project", "pk": 30, "fields": {"title": "Testing project count updating", "description": "test", "created_on": "2020-08-11T20:35:16.550Z", "manager": null, "is_archived": true, "team": 1, "developers": []}}, {"model": "tracker.ticket", "pk": 1, "fields": {"user": 1, "title": "First ticket in v2", "description": "First ticket created in v2", "resolution": null, "project": 3, "priority": "medium", "status": "open", "created_on": "2020-07-28T19:28:12.549Z", "last_updated_on": "2020-07-28T19:28:33.216Z", "team": 1, "developer": [1], "subscribers": []}}, {"model": "tracker.ticket", "pk": 2, "fields": {"user": 1, "title": "New ticket", "description": "", "resolution": "I closed it.", "project": 5, "priority": "low", "status": "closed", "created_on": "2020-07-28T19:40:47.032Z", "last_updated_on": "2020-07-28T19:40:59.869Z", "team": 1, "developer": [], "subscribers": []}}, {"model": "tracker.ticket", "pk": 3, "fields": {"user": 1, "title": "Fix sorting for status/priority columns", "description": "Current status column sorts alphabetically. Want it to sort based on actual priority.", "resolution": "This page had the answer: https://stackoverflow.com/questions/48186782/combining-django-f-value-and-a-dict-to-annotate-a-queryset", "project": 6, "priority": "medium", "status": "closed", "created_on": "2020-07-28T20:31:31.396Z", "last_updated_on": "2020-07-28T20:31:47.476Z", "team": 1, "developer": [1], "subscribers": []}}, {"model": "tracker.ticket", "pk": 4, "fields": {"user": 1, "title": "add codeblock input widget", "description": "I'd like to be able to add codeblocks as either comments or uploads or part of ticket description -- something like that. Something that lets users suggest code and let other users see it. Maybe even the option for syntax highlighting and selecting what language.", "resolution": "https://docs.djangoproject.com/en/3.0/topics/class-based-views/generic-display/#dynamic-filtering\r\n\r\n```python\r\ndef test():\r\n\tpass\r\n```\r\n\r\nUsed simplemde (simple markdown editor) as a javascript-based editor for the forms. Used python-markdown for the codeblock rendering.", "project": 6, "priority": "medium", "status": "closed", "created_on": "2020-07-28T20:32:48.296Z", "last_updated_on": "2020-07-28T20:34:16.392Z", "team": 1, "developer": [1], "subscribers": []}}, {"model": "tracker.ticket", "pk": 5, "fields": {"user": 1, "title": "Ticket closing button", "description": "Add a button to ticket details page to close a ticket. Require confirmation popup.", "resolution": "Two main pieces: I updated views.py to include a TicketDetailsResolution view. This is a form view that updates the ticket resolution and the ticket status.\r\n\r\nI also had to update the SuperTicketDetails view to differentiate between two different POST requests. This required updating the HTML form with names for the submit buttons. Then, in SuperTicketDetails, I look for those names in request.POST and serve up the corresponding form view.\r\n\r\nAlso created a new form for ticket updating which only has the resolution field. This is the form that gets served up in the TicketDetailsResolution view.\r\n\r\nFinally, the core HTML: added a bootstrap modal that contains the form.", "project": 6, "priority": "medium", "status": "closed", "created_on": "2020-07-28T20:34:47.229Z", "last_updated_on": "2020-07-28T20:34:54.979Z", "team": 1, "developer": [1], "subscribers": []}}, {"model": "tracker.ticket", "pk": 6, "fields": {"user": 1, "title": "Add field to tickets to describe how it was resolved", "description": "Need to see if adding a field to a model causes problems. Should be able to fill out this field in the closing ticket popup dialog.", "resolution": "Added a resolution field to the model and a markdown editor for the update ticket page. Resolution is also displayed on the ticket details page if the resolution exists.", "project": 6, "priority": "medium", "status": "closed", "created_on": "2020-07-28T20:35:23.731Z", "last_updated_on": "2020-07-28T20:35:34.329Z", "team": 1, "developer": [1], "subscribers": []}}, {"model": "tracker.ticket", "pk": 7, "fields": {"user": 1, "title": "Remove spellchecker highlighting from SMDE", "description": "", "resolution": "added `spellChecker: false;` to the SimpleMDE instantiation.", "project": 6, "priority": "low", "status": "closed", "created_on": "2020-07-28T20:36:02.920Z", "last_updated_on": "2020-07-28T20:36:26.897Z", "team": 1, "developer": [1], "subscribers": []}}, {"model": "tracker.ticket", "pk": 8, "fields": {"user": 1, "title": "Archiving projects", "description": "Need to be able to archive projects, like closing tickets.", "resolution": "Added ArchiveProject view, did it the Django way, from the docs. Might still need some cleanup though.", "project": 6, "priority": "medium", "status": "closed", "created_on": "2020-07-28T20:37:05.598Z", "last_updated_on": "2020-07-28T20:37:12.069Z", "team": 1, "developer": [1], "subscribers": []}}, {"model": "tracker.ticket", "pk": 9, "fields": {"user": 1, "title": "Reopen tickets", "description": "Need to be able to reopen tickets.", "resolution": "Created a new view: TicketReopen, which is a form view with a form_valid and form_invalid methods that both change ticket status and save. Feels kind of clunky, but it works. Not sure if it's best practices.\r\n\r\nI don't really know how to handle empty forms, or make database changes without sending a form. Need to ask Craig.", "project": 6, "priority": "medium", "status": "closed", "created_on": "2020-07-28T20:37:34.996Z", "last_updated_on": "2020-07-28T20:37:41.037Z", "team": 1, "developer": [1], "subscribers": []}}, {"model": "tracker.ticket", "pk": 10, "fields": {"user": 1, "title": "Change TicketReopen view to be like ArchiveProject view", "description": "The way I'm currently doing it is all messed up. Fix, please.", "resolution": "removed FormView subclassing, just subclassed View instead, handled the logic in the post() method, bypassed form_valid() and form_invalid() entirely.", "project": 6, "priority": "medium", "status": "closed", "created_on": "2020-07-28T20:37:59.900Z", "last_updated_on": "2020-07-28T20:38:06.657Z", "team": 1, "developer": [1], "subscribers": []}}, {"model": "tracker.ticket", "pk": 11, "fields": {"user": 1, "title": "Change ticket resolution form to be like ArchiveProject form", "description": "This one will be much trickier. But I think I can use the generic Form view to bypass form_valid and form_invalid, which I believe is where the problem is. Will have to change the HTML from a bootstrap_form injection into a generic textarea input widget. Then we can just grab the text with request.method.GET.get('name') or whatever.", "resolution": "Didn't do anything like the description. The problem was in the relevant Form class. I had set the resolution model attribute to blank=True, but I didn't set the field in the Form class to required=False, so even though the attribute wasn't required by the model, it was required by the form, hence the form was coming back invalid when it was left blank. Fixing that solved the issue, and I was able to remove all the overwrites of the form_invalid() method.", "project": 6, "priority": "medium", "status": "closed", "created_on": "2020-07-28T20:38:40.723Z", "last_updated_on": "2020-07-28T20:38:46.552Z", "team": 1, "developer": [1], "subscribers": []}}, {"model": "tracker.ticket", "pk": 12, "fields": {"user": 1, "title": "Remove spellchecker from all SMDE", "description": "", "resolution": "Pretty sure I got them all. If any are missing, just need to add `{spellChecker: false,}` to the function call to `SimpleMDE()`.", "project": 6, "priority": "low", "status": "closed", "created_on": "2020-07-28T20:39:00.699Z", "last_updated_on": "2020-07-28T20:39:21.855Z", "team": 1, "developer": [1], "subscribers": []}}, {"model": "tracker.ticket", "pk": 13, "fields": {"user": 1, "title": "Assign developers to projects", "description": "I'd like for managers to be able to view all the tickets assigned to each developer on their projects, so that they can see everyone's workload. Dynamic queryset filtering seems like the best method. See https://docs.djangoproject.com/en/3.0/topics/class-based-views/generic-display/#dynamic-filtering\r\n\r\nUpdate: changing the scope of this a little bit. I want developers to be assigned to projects and then only able to view the projects to which they are assigned and the tickets associated with those projects.", "resolution": "Did a sweeping revision of how permissions work. Created two permission mixins called `ViewProjectMixin` and `ViewTicketMixin`. They both check the project (or, for the ticket mixin, the project to which the ticket is assigned) and see if the user is either the project's manager or in the list of assigned developers. If not, permission denied. All project and ticket views now have this mixin incorporated.\r\n\r\nAlso added a staff only mixin to project creation.\r\n\r\nThe only edge case so far is for ticket submission. Since tickets don't have related projects until they're created, I needed a way to prevent users from submitting tickets to projects they aren't assigned to. So I modified the get() method on the CreateTicket view. It now grabs the pk from the URL kwargs and gets the project associated with that pk. It then checks if the user is either the manager of that project, one of the project's developers, or staff. If not, raise PermissionDenied. Then I removed the project selection from the creation form and had the project assigned during form validation using the same logic (getting the project based on the URL kwarg).", "project": 6, "priority": "medium", "status": "closed", "created_on": "2020-07-28T20:39:51.592Z", "last_updated_on": "2020-07-28T20:41:03.429Z", "team": 1, "developer": [1], "subscribers": []}}, {"model": "tracker.ticket", "pk": 14, "fields": {"user": 1, "title": "Allow blank description", "description": "", "resolution": "`blank=True, null=True` in the description field in the model.", "project": 6, "priority": "low", "status": "closed", "created_on": "2020-07-28T20:41:28.008Z", "last_updated_on": "2020-07-28T20:41:45.452Z", "team": 1, "developer": [1], "subscribers": []}}, {"model": "tracker.ticket", "pk": 15, "fields": {"user": 1, "title": "Make pagination buttons smaller", "description": "", "resolution": "I wrapped the `{% render_table table %}` call in a `<div class=\"pagination-sm\"></div>`. I have no idea if that's best practices or will cause problems later. But it worked.\r\n\r\nComments pagination buttons are done differently, did it earlier.", "project": 6, "priority": "low", "status": "closed", "created_on": "2020-07-28T20:42:07.301Z", "last_updated_on": "2020-07-28T20:42:40.246Z", "team": 1, "developer": [1], "subscribers": []}}, {"model": "tracker.ticket", "pk": 16, "fields": {"user": 1, "title": "Project filtering no longer works", "description": "", "resolution": "I had overwritten `get_table_data()` in my view for projects in order to filter by archived status and to annotate the data with an `open_tickets` attribute. But that's really the work of a queryset, so I moved the logic there.", "project": 6, "priority": "low", "status": "closed", "created_on": "2020-07-28T20:42:59.713Z", "last_updated_on": "2020-07-28T20:43:23.702Z", "team": 1, "developer": [1], "subscribers": []}}, {"model": "tracker.ticket", "pk": 17, "fields": {"user": 1, "title": "\"All Tickets\" view should filter based on assigned projects", "description": "Instead of showing all tickets, the \"all tickets\" page should filter based on what projects the user is assigned to, either as manager or developer.\r\n\r\nStaff can, of course, still see all tickets.", "resolution": "Tickets and projects now both filter based on the user accessing them thanks to custom querysets created for both projects and tickets. These querysets filter based on the user's status, but in essence, all they do is filter objects based on whether the user is assigned to the corresponding project. Like so:\r\n\r\n```python\r\nclass ProjectQueryset(models.QuerySet):\r\n    def filter_for_user(self, user):\r\n        if user.is_staff:\r\n            return Project.objects.all()\r\n        elif user.profile.is_manager:\r\n            return Project.objects.filter(manager=user)\r\n        elif user.profile.is_developer:\r\n            return Project.objects.filter(developers=user)\r\n        return Project.objects.none()\r\n\r\nclass TicketQueryset(models.QuerySet):\r\n    def filter_for_user(self, user):\r\n        if user.is_staff:\r\n            return Ticket.objects.all()\r\n        elif user.profile.is_manager:\r\n            return Ticket.objects.filter(project__manager=user)\r\n        elif user.profile.is_developer:\r\n            return Ticket.objects.filter(project__developers=user)\r\n        return Project.objects.none()\r\n```\r\nThen I just use this custom `for_user` queryset anytime I call the relevant models in a view.", "project": 6, "priority": "high", "status": "closed", "created_on": "2020-07-28T20:44:07.978Z", "last_updated_on": "2020-07-28T20:44:58.475Z", "team": 1, "developer": [1], "subscribers": []}}, {"model": "tracker.ticket", "pk": 18, "fields": {"user": 1, "title": "Resolution field in update ticket form needs to be markdown editor", "description": "", "resolution": "Unspecified.", "project": 6, "priority": "medium", "status": "closed", "created_on": "2020-07-28T20:45:29.813Z", "last_updated_on": "2020-08-11T15:34:14.623Z", "team": 1, "developer": [1], "subscribers": []}}, {"model": "tracker.ticket", "pk": 19, "fields": {"user": 1, "title": "Uploading files to tickets", "description": "Users need to be able to upload files to tickets and view/download files already uploaded.", "resolution": null, "project": 6, "priority": "medium", "status": "open", "created_on": "2020-07-28T20:46:02.529Z", "last_updated_on": "2020-07-28T20:46:02.529Z", "team": 1, "developer": [1], "subscribers": []}}, {"model": "tracker.ticket", "pk": 20, "fields": {"user": 1, "title": "Demo users", "description": "Users should be able to login with a demo version of each user: admin, developer, manager, submitter, and view site functionality without changing the main database.", "resolution": null, "project": 6, "priority": "medium", "status": "open", "created_on": "2020-07-28T20:46:17.848Z", "last_updated_on": "2020-07-28T20:46:17.848Z", "team": 1, "developer": [1], "subscribers": []}}, {"model": "tracker.ticket", "pk": 21, "fields": {"user": 1, "title": "Role assignment", "description": "Staff should be able to assign user roles. But need to see if this should be done through Django Admin or a separate page.", "resolution": null, "project": 6, "priority": "medium", "status": "open", "created_on": "2020-07-28T20:46:37.336Z", "last_updated_on": "2020-07-28T20:46:37.336Z", "team": 1, "developer": [1], "subscribers": []}}, {"model": "tracker.ticket", "pk": 22, "fields": {"user": 1, "title": "Ticket dashboard", "description": "Dashboard displaying high-level overview of tickets. Pie charts with ticket status, tickets by project for managers, that sort of thing.", "resolution": null, "project": 6, "priority": "medium", "status": "open", "created_on": "2020-07-28T20:46:52.958Z", "last_updated_on": "2020-07-28T20:46:52.958Z", "team": 1, "developer": [1], "subscribers": []}}, {"model": "tracker.ticket", "pk": 23, "fields": {"user": 1, "title": "Aesthetics", "description": "", "resolution": null, "project": 6, "priority": "low", "status": "open", "created_on": "2020-07-28T20:47:04.153Z", "last_updated_on": "2020-07-28T20:47:04.153Z", "team": 1, "developer": [1], "subscribers": []}}, {"model": "tracker.ticket", "pk": 24, "fields": {"user": 1, "title": "Enabling Teams", "description": "Need some way to let users create teams if I want to deploy this so anyone can use it. Invitations to teams needed as well.\r\n\r\nA good method of implementation might be a default queryset filtering. The following code from Craig:\r\n\r\n```python\r\nclass TicketQuerySet(QuerySet):\r\n  def for_user(user):\r\n    return self.filter(team=user.team).filter(active=True).filter(more_filters=maybe)\r\n\r\nclass Ticket(models.Model):\r\n  ...\r\n  objects = Manager.from_queryset(TicketQuerySet)()\r\n```\r\n\"Then all over my app, whenever I'm loading a model with user sensitive information or permissions, I always call `WhateverModel.objects.for_user(request.user)` and trust that my `for_user()` function does everything necessary\"", "resolution": "Teams are fully enabled. The refactor was much too massive to cover everything here.", "project": 6, "priority": "high", "status": "closed", "created_on": "2020-07-28T20:47:48.466Z", "last_updated_on": "2020-08-11T15:32:12.189Z", "team": 1, "developer": [1], "subscribers": []}}, {"model": "tracker.ticket", "pk": 25, "fields": {"user": 1, "title": "All devs view for managers", "description": "Need a view of all developers available to managers. Should show their assigned, non-closed tickets and their assigned projects.", "resolution": null, "project": 6, "priority": "medium", "status": "open", "created_on": "2020-07-28T20:48:25.022Z", "last_updated_on": "2020-07-28T20:48:25.022Z", "team": 1, "developer": [1], "subscribers": []}}, {"model": "tracker.ticket", "pk": 26, "fields": {"user": 1, "title": "Should tickets only have open or closed status?", "description": "Not sure the assigned and in progress values for status help much. Especially since assigned is handled by seeing the developers actually assigned to a ticket.", "resolution": "Decided they should. Updated to only include open and closed status. Removed the status field from the create/update form, the status column from the ticket table, the status filter from the filter for the table.", "project": 6, "priority": "urgent", "status": "closed", "created_on": "2020-07-28T20:48:41.287Z", "last_updated_on": "2020-08-11T13:57:48.679Z", "team": 1, "developer": [1], "subscribers": []}}, {"model": "tracker.ticket", "pk": 27, "fields": {"user": 1, "title": "Archived/unarchived projects count in the title doesn't update reliably", "description": "Not sure if this is also true for tickets. Will test later.", "resolution": "Could not reproduce.", "project": 6, "priority": "low", "status": "closed", "created_on": "2020-07-28T20:48:57.162Z", "last_updated_on": "2020-08-11T20:36:29.671Z", "team": 1, "developer": [1], "subscribers": []}}, {"model": "tracker.ticket", "pk": 28, "fields": {"user": 1, "title": "Add \"closed by\" feature to tickets - few options", "description": "Could add a \"closed by\" field and \"closed on\" which gets set when the ticket is closed. Could also just have a new comment get posted saying \"closed\" when a ticket is closed. Same for reopening.", "resolution": "Added functionality to create a new comment whenever a ticket is closed that just says \"closed.\" Same for reopening.", "project": 6, "priority": "medium", "status": "closed", "created_on": "2020-07-28T20:49:13.766Z", "last_updated_on": "2020-08-11T20:22:14.504Z", "team": 1, "developer": [1], "subscribers": []}}, {"model": "tracker.ticket", "pk": 29, "fields": {"user": 1, "title": "Add Team Leader role", "description": "If I'm going to have users able to log into this, they can't all be admin, obviously. So I'll need to add a team leader role which lets people do some of the things that are currently restricted to admin. Right now, the main one is creating new projects. That needs to be something only a team leader can do. Though maybe multiple team leaders makes more sense.\r\n\r\nAlso, user management. Inviting users to a team. That part is going to be much harder than I thought.\r\n\r\nhttps://github.com/bee-keeper/django-invitations https://django-organizations.readthedocs.io/en/latest/getting_started.html\r\nhttps://simpleisbetterthancomplex.com/tutorial/2016/07/28/how-to-create-django-signals.html https://stackoverflow.com/questions/57207796/how-to-associate-invited-users-with-the-inviters-company-group https://stackoverflow.com/questions/61936580/modifying-the-django-invitations-package-to-allow-team-functionality\r\n\r\n# From Craig:\r\nI highly recommend delaying actual integration with an email provider Django has a concept of email_backends which provide pluggable email service And one of them is the console_backend that simply prints email contents to the stdout (aka, the terminal running manage.py runserver) And that's plenty good enough to start. You can copy the URLs from those printed emails and pretend you're the new user in an incognito window Once it's time to actually integrate with email, I'd probably go with Mailgun, but it's a medium-grade headache that you don't strictly need to move forward\r\n\r\nMy next recommendation there: encode everything in the URLs A common pattern might be to generate random UIDs for teams and include that in the invite link You can safely assume no one will guess a different team's UID, so it's a time when \"security by obscurity\" is actually acceptable So an invite email might contain a link to thewebsite.com/team-invites/abcd-efgh-1234-4567-restofuid And abcd-... was auto-generated for that team when it was inserted into the database Oh and also encode the user, obviously So it could be /team-invites/?team=&user= There are 1 trillion acceptable ways to do it, so don't feel trapped to go with that implementation", "resolution": "Team leader (owner) role is essentially done. Owner has ability to create projects. Also added team invitation functionality. Will create separate, more detailed tickets for that though.", "project": 6, "priority": "urgent", "status": "closed", "created_on": "2020-07-28T20:50:08.423Z", "last_updated_on": "2020-08-12T21:57:31.198Z", "team": 1, "developer": [1], "subscribers": []}}, {"model": "tracker.ticket", "pk": 30, "fields": {"user": 1, "title": "Consider which errors need 404 vs 403", "description": "Which errors need to be obfuscated vs. which can be exposed?", "resolution": "I'm just going to keep using 404 everywhere. Did some research, it's fairly common practice.", "project": 6, "priority": "low", "status": "closed", "created_on": "2020-07-28T20:50:24.816Z", "last_updated_on": "2020-08-13T20:02:17.204Z", "team": 1, "developer": [1], "subscribers": []}}, {"model": "tracker.ticket", "pk": 31, "fields": {"user": 1, "title": "Rework landing page", "description": "Need to rework the landing page so that it handles user selecting their team, as well as handle cases where the user first logs in and hasn't selected a team.", "resolution": null, "project": 6, "priority": "high", "status": "open", "created_on": "2020-07-28T20:50:37.196Z", "last_updated_on": "2020-08-03T19:45:06.120Z", "team": 1, "developer": [1], "subscribers": []}}, {"model": "tracker.ticket", "pk": 32, "fields": {"user": 1, "title": "Default team for logging in", "description": "Either let users set a default team or somehow remember the last team they were viewing when they were last on the site.", "resolution": "Unnecessary now that login redirects to my teams list and there's a most recent project button.", "project": 6, "priority": "high", "status": "closed", "created_on": "2020-07-28T20:50:54.649Z", "last_updated_on": "2020-08-12T15:44:28.813Z", "team": 1, "developer": [1], "subscribers": []}}, {"model": "tracker.ticket", "pk": 33, "fields": {"user": 1, "title": "Fix project creation/updating", "description": "Ticket creation/updating is fixed with the new system. Team is saved on ticket creation. Need to do the same for projects.", "resolution": "Unspecified.", "project": 6, "priority": "medium", "status": "closed", "created_on": "2020-07-28T20:51:08.846Z", "last_updated_on": "2020-07-31T19:49:08.701Z", "team": 1, "developer": [1], "subscribers": []}}, {"model": "tracker.ticket", "pk": 34, "fields": {"user": 1, "title": "Redo querysets and filtersets so they start at Team, not Project", "description": "", "resolution": "Don't think this is even right. If we're filtering, say, Projects, we start at Projects. Not Teams.", "project": 6, "priority": "high", "status": "closed", "created_on": "2020-07-28T20:51:41.742Z", "last_updated_on": "2020-07-31T16:25:40.579Z", "team": 1, "developer": [1], "subscribers": []}}, {"model": "tracker.ticket", "pk": 35, "fields": {"user": 1, "title": "Managers and developers: tie to teams? Remove completely?", "description": "Could remove completely, so role assignment is more flexible. Or tie them to teams with a link table.", "resolution": "Went with the suggestion in the comment: added an `is_manager` flag to users, no more developer flag. Still need to tie that to teams though.", "project": 6, "priority": "high", "status": "closed", "created_on": "2020-07-28T20:51:59.319Z", "last_updated_on": "2020-07-29T21:04:54.938Z", "team": 1, "developer": [1], "subscribers": []}}, {"model": "tracker.ticket", "pk": 36, "fields": {"user": 1, "title": "Remove django admin toolbar -- too slow", "description": "testing messages", "resolution": "It's in settings.local, commentted out the django-debug-toolbar section. Can re-enable as needed.", "project": 6, "priority": "urgent", "status": "closed", "created_on": "2020-07-28T20:52:51.571Z", "last_updated_on": "2020-07-29T19:47:45.373Z", "team": 1, "developer": [1], "subscribers": []}}, {"model": "tracker.ticket", "pk": 37, "fields": {"user": 1, "title": "Rework filter_for_user", "description": "Had to remove it in the rework, since users don't have profiles anymore. First must decide how I'm handling that, of course.", "resolution": "Added `is_manager` flag to users, then reworked the filter_for_user queryset to use that new flag. No `profile` model to link to users anymore. Removing `profile` and `is_developer` was basically the only change from the original.", "project": 6, "priority": "urgent", "status": "closed", "created_on": "2020-07-28T21:36:43.345Z", "last_updated_on": "2020-07-29T21:03:53.926Z", "team": 1, "developer": [1], "subscribers": []}}, {"model": "tracker.ticket", "pk": 38, "fields": {"user": 1, "title": "Refactor to fat models, thin views", "description": "", "resolution": "Wasn't much to do, actually. 99% of my views.py code is overwriting queryset, context_data, get, or post method. Moved the get_comments() in the TicketDetails view to the Ticket model. That was it.", "project": 6, "priority": "urgent", "status": "closed", "created_on": "2020-07-28T21:37:25.543Z", "last_updated_on": "2020-08-11T13:26:01.213Z", "team": 1, "developer": [1], "subscribers": []}}, {"model": "tracker.ticket", "pk": 39, "fields": {"user": 1, "title": "Figure out where my Postgresql database is and how to back it up", "description": "", "resolution": "I found it. It's in the installation directory, there's a data subfolder. It's not human-readable or anything though. Backing it up with the `py manage.py dumpdata > backup.json` command and putting that in VCS. Not the best solution, but it works for now.", "project": 6, "priority": "urgent", "status": "closed", "created_on": "2020-07-28T21:38:16.198Z", "last_updated_on": "2020-07-29T20:04:12.201Z", "team": 1, "developer": [1], "subscribers": []}}, {"model": "tracker.ticket", "pk": 40, "fields": {"user": 1, "title": "test", "description": "", "resolution": null, "project": 10, "priority": "low", "status": "open", "created_on": "2020-07-29T20:30:51.138Z", "last_updated_on": "2020-08-14T19:00:45.981Z", "team": 1, "developer": [], "subscribers": []}}, {"model": "tracker.ticket", "pk": 41, "fields": {"user": 1, "title": "test", "description": "", "resolution": null, "project": 9, "priority": "low", "status": "open", "created_on": "2020-07-29T20:31:00.675Z", "last_updated_on": "2020-07-29T20:31:00.675Z", "team": 1, "developer": [], "subscribers": []}}, {"model": "tracker.ticket", "pk": 42, "fields": {"user": 1, "title": "test double?", "description": "", "resolution": "Unspecified.", "project": 8, "priority": "low", "status": "closed", "created_on": "2020-07-29T20:31:07.790Z", "last_updated_on": "2020-08-03T18:23:56.541Z", "team": 1, "developer": [], "subscribers": []}}, {"model": "tracker.ticket", "pk": 43, "fields": {"user": 1, "title": "test", "description": "", "resolution": "Unspecified.", "project": 7, "priority": "low", "status": "closed", "created_on": "2020-07-29T20:31:15.211Z", "last_updated_on": "2020-08-03T18:21:24.702Z", "team": 1, "developer": [], "subscribers": []}}, {"model": "tracker.ticket", "pk": 44, "fields": {"user": 1, "title": "Make is_manager a team-level role assignment, not user-level", "description": "Currently, users are either flagged as managers or they're not. Need to make that a per-team assignment, so users can be managers on one team but not on another.", "resolution": "Added `managers` as an M2M relationship with `User`. Updated all filtering and view permissions to reflect the new team-level manager role. Added a `filter_for_team_and_user` filter to `Project` and `Ticket` querysets, since those two factors interact now. Updated the `Project` create and update views to work with a new `ProjectForm`, which filters the `manager` field to those users who are managers for the given team. Also updated the project filter selection to only show team-level managers in the dropdown. Really added a lot of functionality here.", "project": 6, "priority": "urgent", "status": "closed", "created_on": "2020-07-29T21:06:15.544Z", "last_updated_on": "2020-08-03T19:38:53.171Z", "team": 1, "developer": [1], "subscribers": []}}, {"model": "tracker.ticket", "pk": 45, "fields": {"user": 1, "title": "Fix users so that their name, not username, is display in tables", "description": "", "resolution": "Working as intended. Since this is now a public-facing project, I want to work with usernames, not real names.", "project": 6, "priority": "medium", "status": "closed", "created_on": "2020-07-29T21:42:10.176Z", "last_updated_on": "2020-08-03T14:10:07.919Z", "team": 1, "developer": [1], "subscribers": []}}, {"model": "tracker.ticket", "pk": 46, "fields": {"user": 1, "title": "Fix manager column on project table, not showing anything currently", "description": "", "resolution": "Unspecified.", "project": 6, "priority": "medium", "status": "closed", "created_on": "2020-07-29T21:42:34.181Z", "last_updated_on": "2020-08-11T13:20:20.919Z", "team": 1, "developer": [1], "subscribers": []}}, {"model": "tracker.ticket", "pk": 47, "fields": {"user": 1, "title": "First ticket in team 2", "description": "", "resolution": null, "project": 11, "priority": "low", "status": "open", "created_on": "2020-07-30T00:13:15.047Z", "last_updated_on": "2020-07-30T00:13:15.047Z", "team": 2, "developer": [2], "subscribers": []}}, {"model": "tracker.ticket", "pk": 48, "fields": {"user": 1, "title": "Is this the right way to be doing teams? It feels very fragile.", "description": "", "resolution": "Unspecified.", "project": 6, "priority": "urgent", "status": "closed", "created_on": "2020-07-30T01:25:31.085Z", "last_updated_on": "2020-07-31T16:24:57.072Z", "team": 1, "developer": [1], "subscribers": []}}, {"model": "tracker.ticket", "pk": 50, "fields": {"user": 1, "title": "ticket with slug update", "description": "updated", "resolution": "test", "project": 10, "priority": "low", "status": "open", "created_on": "2020-07-30T23:36:00.104Z", "last_updated_on": "2020-08-14T19:21:06.928Z", "team": 1, "developer": [], "subscribers": []}}, {"model": "tracker.ticket", "pk": 51, "fields": {"user": 1, "title": "slugifiedasdf", "description": "", "resolution": "asdf", "project": 15, "priority": "low", "status": "closed", "created_on": "2020-07-31T15:31:20.937Z", "last_updated_on": "2020-07-31T15:31:45.925Z", "team": 1, "developer": [], "subscribers": []}}, {"model": "tracker.ticket", "pk": 52, "fields": {"user": 1, "title": "asdf", "description": "", "resolution": "Unspecified.", "project": 15, "priority": "low", "status": "closed", "created_on": "2020-07-31T15:31:50.547Z", "last_updated_on": "2020-07-31T15:31:54.142Z", "team": 1, "developer": [], "subscribers": []}}, {"model": "tracker.ticket", "pk": 53, "fields": {"user": 1, "title": "fully bug", "description": "", "resolution": "Unspecified.", "project": 10, "priority": "low", "status": "closed", "created_on": "2020-07-31T15:32:29.790Z", "last_updated_on": "2020-07-31T15:32:34.103Z", "team": 1, "developer": [], "subscribers": []}}, {"model": "tracker.ticket", "pk": 54, "fields": {"user": 1, "title": "Customize signup form", "description": "Signup form only has username, email, and password. Want to add name.", "resolution": "Customized the AllAuth signup form. in users/forms.py:\r\n```python\r\nclass MySignupForm(SignupForm):\r\n\r\n    def __init__(self, *args, **kwargs):\r\n        super().__init__(*args, **kwargs)\r\n        self.fields['name'] = fields.CharField(label='Name', widget=TextInput(attrs={'placeholder': 'Your full name'}))\r\n        original_fields = self.fields\r\n        new_order = {}\r\n        for key in ['email', 'username', 'name', 'password1', 'password2']:\r\n                if key in original_fields:\r\n                    new_order[key] = original_fields[key]\r\n        self.fields = new_order\r\n\r\n    def save(self, request):\r\n        user = super(MySignupForm, self).save(request)\r\n        user.name = self.cleaned_data.pop('name')\r\n        user.save()\r\n        return user\r\n```\r\nAlso added to settings/base.py:\r\n```python\r\nACCOUNT_FORMS = {'signup': 'bug_tracker_v2.users.forms.MySignupForm'}\r\n```\r\nSee [docs](https://django-allauth.readthedocs.io/en/latest/forms.html) for more on how to override.", "project": 6, "priority": "low", "status": "closed", "created_on": "2020-07-31T19:49:42.293Z", "last_updated_on": "2020-07-31T19:52:19.445Z", "team": 1, "developer": [1], "subscribers": []}}, {"model": "tracker.ticket", "pk": 55, "fields": {"user": 1, "title": "Customize user update form and any other user-related forms", "description": "See [ticket on signup form](http://127.0.0.1:8000/teams/monkssolodev/tickets/54/) for info on how.", "resolution": "Nothing to change. The email has a separate update form that allows adding an email and switching primary. The only other field I'd want to change is name, which is what's available by default.", "project": 6, "priority": "high", "status": "closed", "created_on": "2020-07-31T19:54:12.149Z", "last_updated_on": "2020-08-03T14:09:24.554Z", "team": 1, "developer": [1], "subscribers": []}}, {"model": "tracker.ticket", "pk": 56, "fields": {"user": 1, "title": "test", "description": "", "resolution": null, "project": 18, "priority": "low", "status": "open", "created_on": "2020-08-03T17:12:30.912Z", "last_updated_on": "2020-08-03T17:12:30.912Z", "team": 11, "developer": [], "subscribers": []}}, {"model": "tracker.ticket", "pk": 57, "fields": {"user": 3, "title": "manager ticket", "description": "", "resolution": null, "project": 18, "priority": "low", "status": "open", "created_on": "2020-08-03T17:20:49.065Z", "last_updated_on": "2020-08-03T17:20:49.065Z", "team": 11, "developer": [], "subscribers": []}}, {"model": "tracker.ticket", "pk": 58, "fields": {"user": 3, "title": "submit", "description": "", "resolution": null, "project": 20, "priority": "low", "status": "open", "created_on": "2020-08-03T17:34:09.570Z", "last_updated_on": "2020-08-03T17:34:09.570Z", "team": 11, "developer": [], "subscribers": []}}, {"model": "tracker.ticket", "pk": 59, "fields": {"user": 1, "title": "Make sure all developer drop downs and selection filter to only team members", "description": "", "resolution": "All Tickets developer filter now only displays team members. Updated the queryset in the TicketFilter. Ticket create/update forms now filter to PROJECT developers. Project developer assignment filters to all team members.", "project": 6, "priority": "high", "status": "closed", "created_on": "2020-08-03T19:39:24.626Z", "last_updated_on": "2020-08-11T15:01:48.504Z", "team": 1, "developer": [1], "subscribers": []}}, {"model": "tracker.ticket", "pk": 60, "fields": {"user": 1, "title": "Add a \"most recent project\" button", "description": "Somewhere on the landing page. Track which project the user was working on when they last used the site. Have a link to go back there.", "resolution": "Added it to the homepage and the My Teams page (where logged in user is redirected to). Uses a project_pk assigned to user model, which gets updated by the CommonTemplateContextMixin every time a user visits a page with a project_pk.", "project": 6, "priority": "medium", "status": "closed", "created_on": "2020-08-03T19:44:32.184Z", "last_updated_on": "2020-08-12T15:42:30.200Z", "team": 1, "developer": [1], "subscribers": []}}, {"model": "tracker.ticket", "pk": 61, "fields": {"user": 1, "title": "Test all views against spreadsheet", "description": "", "resolution": "Wrote actual tests.", "project": 6, "priority": "urgent", "status": "closed", "created_on": "2020-08-03T19:45:32.103Z", "last_updated_on": "2020-08-11T13:12:12.198Z", "team": 1, "developer": [1], "subscribers": []}}, {"model": "tracker.ticket", "pk": 62, "fields": {"user": 1, "title": "Can add non-team members as managers by manual URL edits", "description": "Users can currently add non-team-members as managers by manually editing the add manager url config. Need to add validation to that view such that it first checks if the user being added as a manager is a team member.", "resolution": "Added a simple check in the view.\r\n```py\r\nif user not in team.members.all():\r\n            raise Http404(\"Cannot make a user who is not a team member into a manager.\")\r\n```", "project": 6, "priority": "high", "status": "closed", "created_on": "2020-08-05T20:04:30.799Z", "last_updated_on": "2020-08-05T20:30:39.691Z", "team": 1, "developer": [1], "subscribers": []}}, {"model": "tracker.ticket", "pk": 63, "fields": {"user": 1, "title": "Ticket", "description": "", "resolution": null, "project": 27, "priority": "low", "status": "open", "created_on": "2020-08-06T20:36:52.016Z", "last_updated_on": "2020-08-06T20:36:52.016Z", "team": 5, "developer": [], "subscribers": []}}, {"model": "tracker.ticket", "pk": 64, "fields": {"user": 1, "title": "Implement select_related() and prefetch_related() method for querysets", "description": "I have lots of querysets that span relationships. Can see the template tags that look something like `{{ ticket.developers.all }}` or something. This code hits the database to find the developers. Instead, I need to rewrite my querysets using select_related(), like so: `queryset = Ticket.objects.all().select_related('developer')` and so on.\r\n\r\nMany-to-many and many-to-one relationships have to use `prefetch_related()` instead.\r\n\r\nSee the docs for implementation: [select related and prefetch related](https://docs.djangoproject.com/en/3.0/ref/models/querysets/#select-related)\r\nAlso see 14.3.3 in 2 Scoops.", "resolution": "Added methods mainly for user, developer, and manager related fields in the ListViews. Didn't see many other places to implement.", "project": 6, "priority": "medium", "status": "closed", "created_on": "2020-08-07T14:59:42.350Z", "last_updated_on": "2020-08-11T15:31:33.201Z", "team": 1, "developer": [1], "subscribers": []}}, {"model": "tracker.ticket", "pk": 65, "fields": {"user": 1, "title": "developer assigned", "description": "", "resolution": "Unspecified.", "project": 8, "priority": "low", "status": "closed", "created_on": "2020-08-10T22:05:58.045Z", "last_updated_on": "2020-08-10T22:06:01.551Z", "team": 1, "developer": [2], "subscribers": []}}, {"model": "tracker.ticket", "pk": 66, "fields": {"user": 1, "title": "developer unassigned", "description": "", "resolution": "Unspecified.", "project": 8, "priority": "low", "status": "closed", "created_on": "2020-08-10T22:06:10.621Z", "last_updated_on": "2020-08-10T22:06:13.679Z", "team": 1, "developer": [], "subscribers": []}}, {"model": "tracker.ticket", "pk": 67, "fields": {"user": 1, "title": "Add filter/search to the ticket table in project details view", "description": "", "resolution": "Modified the `get_table_data()` method for the view to first check for a `q` URL query string. If so, returns `super().get_table_data().filter(title__icontains=q)`. Added a reset button as well.", "project": 6, "priority": "high", "status": "closed", "created_on": "2020-08-11T13:58:34.373Z", "last_updated_on": "2020-08-11T16:20:25.627Z", "team": 1, "developer": [1], "subscribers": []}}, {"model": "tracker.ticket", "pk": 68, "fields": {"user": 1, "title": "New ticket", "description": "", "resolution": null, "project": 28, "priority": "low", "status": "open", "created_on": "2020-08-11T14:52:16.798Z", "last_updated_on": "2020-08-11T14:52:16.798Z", "team": 10, "developer": [], "subscribers": []}}, {"model": "tracker.ticket", "pk": 69, "fields": {"user": 1, "title": "Team invite capability", "description": "Need ability to invite people to team.\r\n\r\nThis comprises two parts:\r\n\r\nThe accepting invite process. This is already done, with the AcceptTeamInvitation view.\r\n\r\nThe inviting process: a view where team owners can input an email address to create a new invitation. This view should also handle sending the email to the email address provided, which will contain a link to the AcceptTeamInvitation view with the invitation UUID.", "resolution": "Team owners can now send email to invite users to teams. They can enter a username in the case of an existing user or an email address for an existing or non-existing user. The email includes a link to the invite. The logic is in the SendTeamInvitation view and the TeamInvitation model itself, where the email is formatted and sent.", "project": 6, "priority": "high", "status": "closed", "created_on": "2020-08-12T21:57:49.812Z", "last_updated_on": "2020-08-13T20:00:13.412Z", "team": 1, "developer": [], "subscribers": []}}, {"model": "tracker.ticket", "pk": 70, "fields": {"user": 1, "title": "Git Integration", "description": "It would be interesting to have an optional connection between a git branch and a ticket. Have any pull requests or commits or whatever else get posted as comments on that ticket with links to the changes.", "resolution": null, "project": 6, "priority": "low", "status": "open", "created_on": "2020-08-13T20:27:03.830Z", "last_updated_on": "2020-08-13T20:27:03.830Z", "team": 1, "developer": [1], "subscribers": []}}, {"model": "tracker.ticket", "pk": 71, "fields": {"user": 1, "title": "Change admin URL", "description": "Want to customize it to something other than /admin/ so that attackers can't just guess.", "resolution": null, "project": 6, "priority": "low", "status": "open", "created_on": "2020-08-14T00:29:34.889Z", "last_updated_on": "2020-08-14T00:29:34.889Z", "team": 1, "developer": [1], "subscribers": []}}, {"model": "tracker.ticket", "pk": 72, "fields": {"user": 1, "title": "User model ForeignKey best practices", "description": "Django recommends using settings.AUTH_USER_MODEL or whatever it's called for ForeignKey relations to User. See 2 scoops 22.1.1. Not sure if I can do it in the middle of a project though. Will have to check.", "resolution": null, "project": 6, "priority": "low", "status": "open", "created_on": "2020-08-14T00:32:29.425Z", "last_updated_on": "2020-08-14T00:32:29.425Z", "team": 1, "developer": [1], "subscribers": []}}, {"model": "tracker.ticket", "pk": 73, "fields": {"user": 1, "title": "Subscribe to ticket to receive emails when new comments posted", "description": "Should subscribe by default for ticket submitters. Could also have a project-level subscription, where you receive emails for every comment on any ticket. And a subscription management page.", "resolution": "Added three categories of views: subscribing, unsubscribing, and managing/viewing subscriptions.\r\n\r\nFor subscribing: added an individual subscription view with a link on the ticket details page. Added a link in project details page to subscribe to all tickets for a project.\r\n\r\nFor unsubscribing: same as the above, plus the ability to unsubscribe from multiple tickets at once. This is incorporated with...\r\n\r\nFor managing/viewing: a table view that shows all active subscriptions for open tickets and unarchived projects. Users can select multiple tickets from this table and unsubscribe from all of them with a button click.\r\n\r\nAs for subscriptions themselves: users receive an email whenever a ticket is closed or has a comment posted to it. These emails are only sent if the ticket is open and the project is unarchived.", "project": 6, "priority": "medium", "status": "closed", "created_on": "2020-08-14T14:02:51.583Z", "last_updated_on": "2020-08-14T19:54:13.184Z", "team": 1, "developer": [1], "subscribers": []}}, {"model": "tracker.ticket", "pk": 74, "fields": {"user": 1, "title": "Refactor team.owner template tags", "description": "Refactor the TeamOwnerMixin to put a value in context if the user has team owner permissions. Then, in template tags, instead of checking team.owner, can just check for this context. That way, if I decide to change how team ownership works and, say, add in team administrators that have all the same powers as a team owner, I can just update the TeamOwnerMixin to give those users the context variable as well, and I won't have to update every single template tag.", "resolution": null, "project": 6, "priority": "high", "status": "open", "created_on": "2020-08-14T15:00:29.536Z", "last_updated_on": "2020-08-14T18:27:37.106Z", "team": 1, "developer": [1], "subscribers": []}}, {"model": "tracker.ticket", "pk": 75, "fields": {"user": 1, "title": "Subscribe to all tickets doesn't sub to new tickets", "description": "Users who subscribe to all tickets of a project likely expect to be subscribed to new tickets as they are created. So that means I'll probably need a project-level subscription flag. Will also need to figure out the post_save() or post_create() or something like that. Or maybe overwrite save to have it save twice? Once to assign ID and then again to assign subscribers? Not sure I can do that though. Creating a linktable for subscriptions seems cleaner. Might as well have users auto-subscribe to tickets they make once I get that done too.", "resolution": "", "project": 6, "priority": "high", "status": "open", "created_on": "2020-08-15T12:04:15.422Z", "last_updated_on": "2020-08-15T12:05:39.225Z", "team": 1, "developer": [1], "subscribers": []}}, {"model": "tracker.ticket", "pk": 76, "fields": {"user": 1, "title": "Subscribe to project (new tickets, all tickets)", "description": "Need to be able to subscribe to projects and get emails when new tickets are posted. Also connected to ideas in the subscribe to all tickets idea.", "resolution": null, "project": 6, "priority": "high", "status": "open", "created_on": "2020-08-15T12:04:57.232Z", "last_updated_on": "2020-08-15T12:04:57.232Z", "team": 1, "developer": [1], "subscribers": []}}, {"model": "tracker.ticket", "pk": 77, "fields": {"user": 1, "title": "Email users when added as team/project developers/managers", "description": "", "resolution": null, "project": 6, "priority": "low", "status": "open", "created_on": "2020-08-15T12:05:14.425Z", "last_updated_on": "2020-08-15T12:05:14.425Z", "team": 1, "developer": [1], "subscribers": []}}, {"model": "tracker.ticket", "pk": 78, "fields": {"user": 1, "title": "Create a linktable subscription model", "description": "Something like this.\r\n```py\r\nclass TicketSubscription(models.Model):\r\n\tticket = models.ForeignKey(models.Ticket)\r\n\tuser = models.ForeignKey(settings.AUTH_USER_MODEL)\r\n```\r\nReally that simple. Then can query those models to do subscription things.", "resolution": null, "project": 6, "priority": "high", "status": "open", "created_on": "2020-08-15T12:07:20.625Z", "last_updated_on": "2020-08-15T12:07:20.625Z", "team": 1, "developer": [1], "subscribers": []}}, {"model": "tracker.ticket", "pk": 79, "fields": {"user": 1, "title": "Team membership model refactor", "description": "Might need to refactor to make a team membership model. Would be a huge refactor, but probably for the best.\r\n```py\r\nclass TeamMembership(models.Model):\r\n\tteam = models.ForeignKey(Team)\r\n\tuser = models.ForeignKey(User)\r\n\trole = models.IntegerField(choices=ROLE_CHOICES)\r\n```\r\nSomething like that.", "resolution": null, "project": 6, "priority": "medium", "status": "open", "created_on": "2020-08-15T12:08:36.070Z", "last_updated_on": "2020-08-15T12:08:36.070Z", "team": 1, "developer": [1], "subscribers": []}}, {"model": "tracker.comment", "pk": 2, "fields": {"user": 1, "created_on": "2020-07-28T19:28:33.193Z", "text": "Adding another comment.", "ticket": 1}}, {"model": "tracker.comment", "pk": 3, "fields": {"user": 1, "created_on": "2020-07-28T20:34:16.364Z", "text": "```python\r\ndef hey_listen():\r\n\tprint(\"Comments also have markdown!\")\r\n```", "ticket": 4}}, {"model": "tracker.comment", "pk": 4, "fields": {"user": 1, "created_on": "2020-07-28T20:40:17.372Z", "text": "This seems like a good jumping off point: [creating a manager with QuerySet methods](https://docs.djangoproject.com/en/3.0/topics/db/managers/#creating-a-manager-with-queryset-methods)", "ticket": 13}}, {"model": "tracker.comment", "pk": 5, "fields": {"user": 1, "created_on": "2020-07-28T20:40:38.073Z", "text": "This might be handy too: [FilteredRelation() objects](https://docs.djangoproject.com/en/3.0/ref/models/querysets/#filteredrelation-objects)", "ticket": 13}}, {"model": "tracker.comment", "pk": 6, "fields": {"user": 1, "created_on": "2020-07-28T20:47:59.013Z", "text": "See ticket about adding a team leader role. It will be necessary to implement this.", "ticket": 24}}, {"model": "tracker.comment", "pk": 7, "fields": {"user": 1, "created_on": "2020-07-28T20:48:02.750Z", "text": "Made some serious progress. Added teams, linked them to users, projects, and tickets. Added a filter_for_team() method to object querysets. Then reworked the URLs. That was the big part. Now all URLs pull from a default context supplied by a CommonContextMixin that grabs url kwargs. It's complicated. Still need to test that everything works, and then need to totally rework the homepage. But we're getting there.", "ticket": 24}}, {"model": "tracker.comment", "pk": 8, "fields": {"user": 1, "created_on": "2020-07-28T20:51:20.593Z", "text": "Pretty sure I did. Will check later.", "ticket": 33}}, {"model": "tracker.comment", "pk": 9, "fields": {"user": 1, "created_on": "2020-07-29T00:48:57.220Z", "text": "I think I've got the best of both worlds. Just have a manager flag, no developer flag. So users are developers by default but have to be flagged as managers before they can do manager things. Lets me filter the manager dropdowns as I want and remove a lot of user headache.", "ticket": 35}}, {"model": "tracker.comment", "pk": 12, "fields": {"user": 1, "created_on": "2020-07-29T21:43:32.483Z", "text": "It has a get_full_name accessor on it, but that method doesn't exist anymore. Easy fix.", "ticket": 46}}, {"model": "tracker.comment", "pk": 16, "fields": {"user": 1, "created_on": "2020-08-03T19:45:06.119Z", "text": "See [ticket on last visited project idea](http://127.0.0.1:8000/teams/monkssolodev/tickets/60/)", "ticket": 31}}, {"model": "tracker.comment", "pk": 17, "fields": {"user": 1, "created_on": "2020-08-10T17:06:46.915Z", "text": "test", "ticket": 50}}, {"model": "tracker.comment", "pk": 18, "fields": {"user": 1, "created_on": "2020-08-10T22:15:05.356Z", "text": "test2", "ticket": 50}}, {"model": "tracker.comment", "pk": 19, "fields": {"user": 1, "created_on": "2020-08-11T13:20:20.917Z", "text": "test new comment", "ticket": 46}}, {"model": "tracker.comment", "pk": 20, "fields": {"user": 1, "created_on": "2020-08-11T20:20:07.674Z", "text": "Closed.", "ticket": 28}}, {"model": "tracker.comment", "pk": 21, "fields": {"user": 1, "created_on": "2020-08-11T20:20:28.637Z", "text": "Reopened.", "ticket": 28}}, {"model": "tracker.comment", "pk": 24, "fields": {"user": 1, "created_on": "2020-08-11T20:22:14.502Z", "text": "Closed.", "ticket": 28}}, {"model": "tracker.comment", "pk": 25, "fields": {"user": 1, "created_on": "2020-08-11T20:36:29.669Z", "text": "Closed.", "ticket": 27}}, {"model": "tracker.comment", "pk": 26, "fields": {"user": 1, "created_on": "2020-08-11T22:57:51.093Z", "text": "Craig's suggestion: don't bother checking the currently viewed project against the recently viewed on. Just add an attribute to the user model and update it with the URL every time the user visits a page.\r\n\r\nMy version of the idea: grab the project pk with my CommonTemplateContextMixin (if it exists). Save that number to the User attribute. Then can grab the project from that pk for the link on the homepage.", "ticket": 60}}, {"model": "tracker.comment", "pk": 27, "fields": {"user": 1, "created_on": "2020-08-12T15:42:30.197Z", "text": "Closed.", "ticket": 60}}, {"model": "tracker.comment", "pk": 28, "fields": {"user": 1, "created_on": "2020-08-12T15:44:28.811Z", "text": "Closed.", "ticket": 32}}, {"model": "tracker.comment", "pk": 29, "fields": {"user": 1, "created_on": "2020-08-12T18:22:00.352Z", "text": "[suggestions for basic invitation implementation](https://old.reddit.com/r/django/comments/9d8f4i/handling_invitations_to_join_organization/)", "ticket": 29}}, {"model": "tracker.comment", "pk": 30, "fields": {"user": 1, "created_on": "2020-08-12T18:23:23.357Z", "text": "From Craig:\r\n```py\r\nclass Invitation(models.Model):\r\n    user = models.FK(User, default=None, null=True, blank=True)\r\n    email = models.CharField(...)\r\n    key = models.CharField(help_text='Used in invitation URLs')\r\n    teams = models.ManyToManyField(help_text='Teams this user is invited to. When a user is created from this invitation, we create one Membership record per team.')\r\n\r\nclass Membership(models.Model):\r\n\r\n    PENDING = 1\r\n    ACCEPTED = 2\r\n    DECLINED = 3\r\n\r\n    STATUSES = (\r\n        (PENDING, 'Pending',),\r\n        (ACCEPTED, 'Accepted',),\r\n        (DECLINED, 'Declined',),\r\n    )\r\n\r\n    user = models.FK(User)\r\n    team = models.FK(Team)\r\n    status = models.IntegerField(choices=STATUSES)\r\n```\r\nI think I would start with those pseudo-models\r\nSo in the above, the inviter types the email to which the invitation will be delivered\r\nThe user clicks the link which is points to thewebsite.com/invitations/<invitation_key>/ and signs up\r\nThey pick whatever username and email they want, and that user is created\r\nA reference to said user is stored on the original Invitation record\r\nAnd then their Invitation.teams values are turned into Membership records\r\n(also, this is all just how I would handle it -- you really should NOT feel like it's a sin to stick with your implementation)\r\nYou can then also add the following to your Team model:\r\n```py\r\nmembers = models.ManyToManyField(User, through=Membership, related_name='teams')\r\n```", "ticket": 29}}, {"model": "tracker.comment", "pk": 31, "fields": {"user": 1, "created_on": "2020-08-12T21:57:31.195Z", "text": "Closed.", "ticket": 29}}, {"model": "tracker.comment", "pk": 32, "fields": {"user": 1, "created_on": "2020-08-13T20:00:13.410Z", "text": "Closed.", "ticket": 69}}, {"model": "tracker.comment", "pk": 33, "fields": {"user": 1, "created_on": "2020-08-13T20:02:17.201Z", "text": "Closed.", "ticket": 30}}, {"model": "tracker.comment", "pk": 40, "fields": {"user": 1, "created_on": "2020-08-14T19:54:13.179Z", "text": "Closed.", "ticket": 73}}, {"model": "account.emailaddress", "pk": 1, "fields": {"user": 1, "email": "thurman.justin@gmail.com", "verified": true, "primary": true}}, {"model": "account.emailaddress", "pk": 2, "fields": {"user": 2, "email": "thurman.justin+developer@gmail.com", "verified": true, "primary": true}}, {"model": "account.emailaddress", "pk": 3, "fields": {"user": 3, "email": "thurman.justin+manager@gmail.com", "verified": true, "primary": true}}, {"model": "account.emailaddress", "pk": 4, "fields": {"user": 5, "email": "thurman.justin+noteams@gmail.com", "verified": true, "primary": true}}, {"model": "admin.logentry", "pk": 1, "fields": {"action_time": "2020-07-28T18:43:49.445Z", "user": 1, "content_type": 12, "object_id": "2", "object_repr": "developer", "action_flag": 1, "change_message": "[{\"added\": {}}]"}}, {"model": "admin.logentry", "pk": 2, "fields": {"action_time": "2020-07-28T18:43:56.935Z", "user": 1, "content_type": 12, "object_id": "3", "object_repr": "manager", "action_flag": 1, "change_message": "[{\"added\": {}}]"}}, {"model": "admin.logentry", "pk": 3, "fields": {"action_time": "2020-07-28T18:44:12.277Z", "user": 1, "content_type": 12, "object_id": "3", "object_repr": "manager", "action_flag": 2, "change_message": "[{\"changed\": {\"fields\": [\"Name of User\"]}}]"}}, {"model": "admin.logentry", "pk": 4, "fields": {"action_time": "2020-07-28T18:44:21.186Z", "user": 1, "content_type": 12, "object_id": "2", "object_repr": "developer", "action_flag": 2, "change_message": "[{\"changed\": {\"fields\": [\"Name of User\"]}}]"}}, {"model": "admin.logentry", "pk": 5, "fields": {"action_time": "2020-07-28T19:22:28.275Z", "user": 1, "content_type": 17, "object_id": "1", "object_repr": "MonksSoloDev", "action_flag": 1, "change_message": "[{\"added\": {}}]"}}, {"model": "admin.logentry", "pk": 6, "fields": {"action_time": "2020-07-28T19:26:40.753Z", "user": 1, "content_type": 16, "object_id": "3", "object_repr": "Added from admin", "action_flag": 1, "change_message": "[{\"added\": {}}]"}}, {"model": "admin.logentry", "pk": 7, "fields": {"action_time": "2020-07-29T20:15:25.817Z", "user": 1, "content_type": 12, "object_id": "3", "object_repr": "manager", "action_flag": 2, "change_message": "[{\"changed\": {\"fields\": [\"Is manager\"]}}]"}}, {"model": "admin.logentry", "pk": 8, "fields": {"action_time": "2020-07-29T20:17:22.786Z", "user": 1, "content_type": 12, "object_id": "2", "object_repr": "developer", "action_flag": 2, "change_message": "[{\"changed\": {\"fields\": [\"Email address\"]}}]"}}, {"model": "admin.logentry", "pk": 9, "fields": {"action_time": "2020-07-29T20:18:58.136Z", "user": 1, "content_type": 12, "object_id": "3", "object_repr": "manager", "action_flag": 2, "change_message": "[{\"changed\": {\"fields\": [\"Email address\"]}}]"}}, {"model": "admin.logentry", "pk": 10, "fields": {"action_time": "2020-07-30T00:26:50.946Z", "user": 1, "content_type": 17, "object_id": "1", "object_repr": "MonksSoloDev", "action_flag": 2, "change_message": "[{\"changed\": {\"fields\": [\"Members\"]}}]"}}, {"model": "admin.logentry", "pk": 11, "fields": {"action_time": "2020-07-30T01:20:05.489Z", "user": 1, "content_type": 17, "object_id": "4", "object_repr": "Third Team", "action_flag": 3, "change_message": ""}}, {"model": "admin.logentry", "pk": 12, "fields": {"action_time": "2020-07-30T15:18:51.471Z", "user": 1, "content_type": 17, "object_id": "1", "object_repr": "MonksSoloDev", "action_flag": 2, "change_message": "[{\"changed\": {\"fields\": [\"Slug\"]}}]"}}, {"model": "admin.logentry", "pk": 13, "fields": {"action_time": "2020-07-30T15:19:19.490Z", "user": 1, "content_type": 17, "object_id": "2", "object_repr": "Second Team", "action_flag": 2, "change_message": "[{\"changed\": {\"fields\": [\"Slug\"]}}]"}}, {"model": "admin.logentry", "pk": 14, "fields": {"action_time": "2020-07-30T15:20:18.839Z", "user": 1, "content_type": 17, "object_id": "3", "object_repr": "Developer's Team", "action_flag": 2, "change_message": "[{\"changed\": {\"fields\": [\"Members\", \"Slug\"]}}]"}}, {"model": "admin.logentry", "pk": 15, "fields": {"action_time": "2020-07-30T15:20:34.060Z", "user": 1, "content_type": 17, "object_id": "5", "object_repr": "Third Team", "action_flag": 2, "change_message": "[{\"changed\": {\"fields\": [\"Members\", \"Slug\"]}}]"}}, {"model": "admin.logentry", "pk": 16, "fields": {"action_time": "2020-07-30T15:22:20.916Z", "user": 1, "content_type": 17, "object_id": "6", "object_repr": "Testing Slugify", "action_flag": 3, "change_message": ""}}, {"model": "admin.logentry", "pk": 17, "fields": {"action_time": "2020-07-31T16:22:57.910Z", "user": 1, "content_type": 17, "object_id": "3", "object_repr": "Developer's Team", "action_flag": 2, "change_message": "[{\"changed\": {\"fields\": [\"Members\"]}}]"}}, {"model": "admin.logentry", "pk": 18, "fields": {"action_time": "2020-07-31T18:42:31.399Z", "user": 1, "content_type": 12, "object_id": "25", "object_repr": "adblock", "action_flag": 3, "change_message": ""}}, {"model": "admin.logentry", "pk": 19, "fields": {"action_time": "2020-07-31T18:42:31.400Z", "user": 1, "content_type": 12, "object_id": "20", "object_repr": "cookie", "action_flag": 3, "change_message": ""}}, {"model": "admin.logentry", "pk": 20, "fields": {"action_time": "2020-07-31T18:42:31.400Z", "user": 1, "content_type": 12, "object_id": "23", "object_repr": "cookies", "action_flag": 3, "change_message": ""}}, {"model": "admin.logentry", "pk": 21, "fields": {"action_time": "2020-07-31T18:42:31.401Z", "user": 1, "content_type": 12, "object_id": "15", "object_repr": "edge", "action_flag": 3, "change_message": ""}}, {"model": "admin.logentry", "pk": 22, "fields": {"action_time": "2020-07-31T18:42:31.401Z", "user": 1, "content_type": 12, "object_id": "16", "object_repr": "edge2", "action_flag": 3, "change_message": ""}}, {"model": "admin.logentry", "pk": 23, "fields": {"action_time": "2020-07-31T18:42:31.401Z", "user": 1, "content_type": 12, "object_id": "24", "object_repr": "ext", "action_flag": 3, "change_message": ""}}, {"model": "admin.logentry", "pk": 24, "fields": {"action_time": "2020-07-31T18:42:31.402Z", "user": 1, "content_type": 12, "object_id": "18", "object_repr": "guest", "action_flag": 3, "change_message": ""}}, {"model": "admin.logentry", "pk": 25, "fields": {"action_time": "2020-07-31T18:42:31.402Z", "user": 1, "content_type": 12, "object_id": "22", "object_repr": "guest_still", "action_flag": 3, "change_message": ""}}, {"model": "admin.logentry", "pk": 26, "fields": {"action_time": "2020-07-31T18:42:31.403Z", "user": 1, "content_type": 12, "object_id": "29", "object_repr": "hmm", "action_flag": 3, "change_message": ""}}, {"model": "admin.logentry", "pk": 27, "fields": {"action_time": "2020-07-31T18:42:31.403Z", "user": 1, "content_type": 12, "object_id": "17", "object_repr": "incog", "action_flag": 3, "change_message": ""}}, {"model": "admin.logentry", "pk": 28, "fields": {"action_time": "2020-07-31T18:42:31.403Z", "user": 1, "content_type": 12, "object_id": "28", "object_repr": "js", "action_flag": 3, "change_message": ""}}, {"model": "admin.logentry", "pk": 29, "fields": {"action_time": "2020-07-31T18:42:31.404Z", "user": 1, "content_type": 12, "object_id": "12", "object_repr": "login11", "action_flag": 3, "change_message": ""}}, {"model": "admin.logentry", "pk": 30, "fields": {"action_time": "2020-07-31T18:42:31.404Z", "user": 1, "content_type": 12, "object_id": "13", "object_repr": "login111", "action_flag": 3, "change_message": ""}}, {"model": "admin.logentry", "pk": 31, "fields": {"action_time": "2020-07-31T18:42:31.404Z", "user": 1, "content_type": 12, "object_id": "14", "object_repr": "login123", "action_flag": 3, "change_message": ""}}, {"model": "admin.logentry", "pk": 32, "fields": {"action_time": "2020-07-31T18:42:31.405Z", "user": 1, "content_type": 12, "object_id": "9", "object_repr": "login4", "action_flag": 3, "change_message": ""}}, {"model": "admin.logentry", "pk": 33, "fields": {"action_time": "2020-07-31T18:42:31.405Z", "user": 1, "content_type": 12, "object_id": "10", "object_repr": "login5", "action_flag": 3, "change_message": ""}}, {"model": "admin.logentry", "pk": 34, "fields": {"action_time": "2020-07-31T18:42:31.405Z", "user": 1, "content_type": 12, "object_id": "11", "object_repr": "login6", "action_flag": 3, "change_message": ""}}, {"model": "admin.logentry", "pk": 35, "fields": {"action_time": "2020-07-31T18:42:31.406Z", "user": 1, "content_type": 12, "object_id": "27", "object_repr": "login7", "action_flag": 3, "change_message": ""}}, {"model": "admin.logentry", "pk": 36, "fields": {"action_time": "2020-07-31T18:42:31.406Z", "user": 1, "content_type": 12, "object_id": "26", "object_repr": "secure", "action_flag": 3, "change_message": ""}}, {"model": "admin.logentry", "pk": 37, "fields": {"action_time": "2020-07-31T18:42:31.406Z", "user": 1, "content_type": 12, "object_id": "21", "object_repr": "strict", "action_flag": 3, "change_message": ""}}, {"model": "admin.logentry", "pk": 38, "fields": {"action_time": "2020-07-31T18:42:31.407Z", "user": 1, "content_type": 12, "object_id": "19", "object_repr": "test1", "action_flag": 3, "change_message": ""}}, {"model": "admin.logentry", "pk": 39, "fields": {"action_time": "2020-07-31T18:42:31.407Z", "user": 1, "content_type": 12, "object_id": "6", "object_repr": "TestingLogin", "action_flag": 3, "change_message": ""}}, {"model": "admin.logentry", "pk": 40, "fields": {"action_time": "2020-07-31T18:42:31.407Z", "user": 1, "content_type": 12, "object_id": "7", "object_repr": "TestingLogin2", "action_flag": 3, "change_message": ""}}, {"model": "admin.logentry", "pk": 41, "fields": {"action_time": "2020-07-31T18:42:31.408Z", "user": 1, "content_type": 12, "object_id": "8", "object_repr": "TestingLogin3", "action_flag": 3, "change_message": ""}}, {"model": "admin.logentry", "pk": 42, "fields": {"action_time": "2020-07-31T19:23:30.796Z", "user": 1, "content_type": 12, "object_id": "30", "object_repr": "customform", "action_flag": 3, "change_message": ""}}, {"model": "admin.logentry", "pk": 43, "fields": {"action_time": "2020-07-31T19:23:30.796Z", "user": 1, "content_type": 12, "object_id": "31", "object_repr": "customform2", "action_flag": 3, "change_message": ""}}, {"model": "admin.logentry", "pk": 44, "fields": {"action_time": "2020-07-31T19:23:30.797Z", "user": 1, "content_type": 12, "object_id": "35", "object_repr": "FinalTest", "action_flag": 3, "change_message": ""}}, {"model": "admin.logentry", "pk": 45, "fields": {"action_time": "2020-07-31T19:23:30.797Z", "user": 1, "content_type": 12, "object_id": "34", "object_repr": "test11", "action_flag": 3, "change_message": ""}}, {"model": "admin.logentry", "pk": 46, "fields": {"action_time": "2020-07-31T19:23:30.797Z", "user": 1, "content_type": 12, "object_id": "32", "object_repr": "user3", "action_flag": 3, "change_message": ""}}, {"model": "admin.logentry", "pk": 47, "fields": {"action_time": "2020-07-31T19:41:28.705Z", "user": 1, "content_type": 12, "object_id": "36", "object_repr": "Thisisuser", "action_flag": 3, "change_message": ""}}, {"model": "admin.logentry", "pk": 48, "fields": {"action_time": "2020-08-03T15:00:09.996Z", "user": 1, "content_type": 19, "object_id": "1", "object_repr": "TeamManager object (1)", "action_flag": 3, "change_message": ""}}, {"model": "admin.logentry", "pk": 49, "fields": {"action_time": "2020-08-12T19:06:03.290Z", "user": 1, "content_type": 12, "object_id": "37", "object_repr": "new_user", "action_flag": 3, "change_message": ""}}, {"model": "admin.logentry", "pk": 50, "fields": {"action_time": "2020-08-12T19:06:03.291Z", "user": 1, "content_type": 12, "object_id": "38", "object_repr": "new_user_2", "action_flag": 3, "change_message": ""}}, {"model": "admin.logentry", "pk": 51, "fields": {"action_time": "2020-08-13T15:56:54.949Z", "user": 1, "content_type": 12, "object_id": "39", "object_repr": "newemail@email.com", "action_flag": 3, "change_message": ""}}, {"model": "admin.logentry", "pk": 52, "fields": {"action_time": "2020-08-13T16:54:25.109Z", "user": 1, "content_type": 12, "object_id": "41", "object_repr": "asdf@", "action_flag": 3, "change_message": ""}}, {"model": "admin.logentry", "pk": 53, "fields": {"action_time": "2020-08-13T16:54:25.109Z", "user": 1, "content_type": 12, "object_id": "42", "object_repr": "asdf@asdf", "action_flag": 3, "change_message": ""}}, {"model": "admin.logentry", "pk": 54, "fields": {"action_time": "2020-08-13T16:54:25.110Z", "user": 1, "content_type": 12, "object_id": "40", "object_repr": "invalid@email.com", "action_flag": 3, "change_message": ""}}, {"model": "admin.logentry", "pk": 55, "fields": {"action_time": "2020-08-13T16:54:25.110Z", "user": 1, "content_type": 12, "object_id": "43", "object_repr": "thurmanj@asdfas", "action_flag": 3, "change_message": ""}}]